Country,ISO 3166-1 alpha-3,Year,Total,Coal,Oil,Gas,Cement,Flaring,Other,Per Capita,Element,Value
Bangladesh,BGD,1961,2.29041,0.714527,1.411303,0.159447,0.005133,0.0,0.0,0.044146,Standard Deviation,0.5285294117647058
Bangladesh,BGD,1961,2.29041,0.714527,1.411303,0.159447,0.005133,0.0,0.0,0.044146,Temperature change,0.0143529411764705
Bangladesh,BGD,1962,2.516756,0.763224,1.550552,0.197201,0.00578,0.0,0.0,0.047076,Standard Deviation,0.5285294117647058
Bangladesh,BGD,1962,2.516756,0.763224,1.550552,0.197201,0.00578,0.0,0.0,0.047076,Temperature change,-0.167235294117647
Bangladesh,BGD,1963,2.893242,0.815158,1.827504,0.244439,0.006141,0.0,0.0,0.052515,Standard Deviation,0.5285294117647058
Bangladesh,BGD,1963,2.893242,0.815158,1.827504,0.244439,0.006141,0.0,0.0,0.052515,Temperature change,-0.0588235294117647
Bangladesh,BGD,1964,2.974612,0.800006,1.859442,0.308811,0.006354,0.0,0.0,0.052393,Standard Deviation,0.5285294117647058
Bangladesh,BGD,1964,2.974612,0.800006,1.859442,0.308811,0.006354,0.0,0.0,0.052393,Temperature change,0.11
Bangladesh,BGD,1965,3.121306,0.753231,1.997256,0.363834,0.006986,0.0,0.0,0.053356,Standard Deviation,0.5285294117647058
Bangladesh,BGD,1965,3.121306,0.753231,1.997256,0.363834,0.006986,0.0,0.0,0.053356,Temperature change,-0.1984705882352941
Bangladesh,BGD,1966,3.176314,0.643555,2.118771,0.406513,0.007475,0.0,0.0,0.052706,Standard Deviation,0.5285294117647058
Bangladesh,BGD,1966,3.176314,0.643555,2.118771,0.406513,0.007475,0.0,0.0,0.052706,Temperature change,0.2802941176470588
Bangladesh,BGD,1967,3.371142,0.633229,2.254707,0.474942,0.008265,0.0,0.0,0.054282,Standard Deviation,0.5285294117647058
Bangladesh,BGD,1967,3.371142,0.633229,2.254707,0.474942,0.008265,0.0,0.0,0.054282,Temperature change,-0.1991176470588235
Bangladesh,BGD,1968,3.865666,0.682321,2.644071,0.529464,0.00981,0.0,0.0,0.060405,Standard Deviation,0.5285294117647058
Bangladesh,BGD,1968,3.865666,0.682321,2.644071,0.529464,0.00981,0.0,0.0,0.060405,Temperature change,-0.256235294117647
Bangladesh,BGD,1969,3.749327,0.649588,2.415465,0.673141,0.011133,0.0,0.0,0.056923,Standard Deviation,0.5285294117647058
Bangladesh,BGD,1969,3.749327,0.649588,2.415465,0.673141,0.011133,0.0,0.0,0.056923,Temperature change,-0.000235294117647
Bangladesh,BGD,1970,3.803195,0.615142,2.617301,0.559869,0.010884,0.0,0.0,0.056309,Standard Deviation,0.5285294117647058
Bangladesh,BGD,1970,3.803195,0.615142,2.617301,0.559869,0.010884,0.0,0.0,0.056309,Temperature change,-0.0431764705882352
Bangladesh,BGD,1971,3.605832,0.551603,2.446895,0.596046,0.011288,0.0,0.0,0.052735,Standard Deviation,0.5285294117647058
Bangladesh,BGD,1971,3.605832,0.551603,2.446895,0.596046,0.011288,0.0,0.0,0.052735,Temperature change,-0.5507647058823529
Bangladesh,BGD,1972,3.505921,0.355408,2.425568,0.71448,0.010465,0.0,0.0,0.050556,Standard Deviation,0.5285294117647058
Bangladesh,BGD,1972,3.505921,0.355408,2.425568,0.71448,0.010465,0.0,0.0,0.050556,Temperature change,-0.0035882352941176
Bangladesh,BGD,1973,4.549694,0.461664,2.9312,1.143168,0.013662,0.0,0.0,0.06395,Standard Deviation,0.5285294117647058
Bangladesh,BGD,1973,4.549694,0.461664,2.9312,1.143168,0.013662,0.0,0.0,0.06395,Temperature change,0.1228235294117647
Bangladesh,BGD,1974,4.653084,0.410691,2.819835,1.382416,0.040143,0.0,0.0,0.063786,Standard Deviation,0.5285294117647058
Bangladesh,BGD,1974,4.653084,0.410691,2.819835,1.382416,0.040143,0.0,0.0,0.063786,Temperature change,-0.1550588235294117
Bangladesh,BGD,1975,4.856723,0.472656,3.345232,0.963632,0.075203,0.0,0.0,0.065016,Standard Deviation,0.5285294117647058
Bangladesh,BGD,1975,4.856723,0.472656,3.345232,0.963632,0.075203,0.0,0.0,0.065016,Temperature change,-0.0999411764705882
Bangladesh,BGD,1976,5.555798,0.447302,3.62975,1.411569,0.067176,0.0,0.0,0.072739,Standard Deviation,0.5285294117647058
Bangladesh,BGD,1976,5.555798,0.447302,3.62975,1.411569,0.067176,0.0,0.0,0.072739,Temperature change,-0.0756470588235294
Bangladesh,BGD,1977,5.784754,0.501968,3.5724,1.579184,0.131202,0.0,0.0,0.074033,Standard Deviation,0.5285294117647058
Bangladesh,BGD,1977,5.784754,0.501968,3.5724,1.579184,0.131202,0.0,0.0,0.074033,Temperature change,-0.2498235294117647
Bangladesh,BGD,1978,5.984423,0.42136,3.748272,1.674448,0.140343,0.0,0.0,0.074798,Standard Deviation,0.5285294117647058
Bangladesh,BGD,1978,5.984423,0.42136,3.748272,1.674448,0.140343,0.0,0.0,0.074798,Temperature change,-0.1918235294117647
Bangladesh,BGD,1979,6.612648,0.359072,4.206272,1.916272,0.131032,0.0,0.0,0.080732,Standard Deviation,0.5285294117647058
Bangladesh,BGD,1979,6.612648,0.359072,4.206272,1.916272,0.131032,0.0,0.0,0.080732,Temperature change,0.4983529411764705
Bangladesh,BGD,1980,7.597219,0.446794,4.801199,2.215656,0.13357,0.0,0.0,0.090519,Standard Deviation,0.5285294117647058
Bangladesh,BGD,1980,7.597219,0.446794,4.801199,2.215656,0.13357,0.0,0.0,0.090519,Temperature change,0.1419411764705882
Bangladesh,BGD,1981,7.886136,0.465328,4.847472,2.440224,0.133112,0.0,0.0,0.091534,Standard Deviation,0.5285294117647058
Bangladesh,BGD,1981,7.886136,0.465328,4.847472,2.440224,0.133112,0.0,0.0,0.091534,Temperature change,-0.2295294117647058
Bangladesh,BGD,1982,8.552288,0.567678,4.698908,3.164347,0.121355,0.0,0.0,0.096576,Standard Deviation,0.5285294117647058
Bangladesh,BGD,1982,8.552288,0.567678,4.698908,3.164347,0.121355,0.0,0.0,0.096576,Temperature change,-0.0611176470588235
Bangladesh,BGD,1983,8.188282,0.304112,4.25024,3.521104,0.112826,0.0,0.0,0.089936,Standard Deviation,0.5285294117647058
Bangladesh,BGD,1983,8.188282,0.304112,4.25024,3.521104,0.112826,0.0,0.0,0.089936,Temperature change,-0.132235294117647
Bangladesh,BGD,1984,9.07716,0.117248,4.3968,4.466416,0.096696,0.0,0.0,0.097046,Standard Deviation,0.5285294117647058
Bangladesh,BGD,1984,9.07716,0.117248,4.3968,4.466416,0.096696,0.0,0.0,0.097046,Temperature change,-0.2765294117647058
Bangladesh,BGD,1985,10.189161,0.186797,4.834748,5.08381,0.083806,0.0,0.0,0.106182,Standard Deviation,0.5285294117647058
Bangladesh,BGD,1985,10.189161,0.186797,4.834748,5.08381,0.083806,0.0,0.0,0.106182,Temperature change,0.0838823529411764
Bangladesh,BGD,1986,11.405807,0.282128,5.290816,5.73416,0.098703,0.0,0.0,0.116064,Standard Deviation,0.5285294117647058
Bangladesh,BGD,1986,11.405807,0.282128,5.290816,5.73416,0.098703,0.0,0.0,0.116064,Temperature change,0.0290588235294117
Bangladesh,BGD,1987,11.799727,0.443344,5.327456,5.928352,0.100575,0.0,0.0,0.117422,Standard Deviation,0.5285294117647058
Bangladesh,BGD,1987,11.799727,0.443344,5.327456,5.928352,0.100575,0.0,0.0,0.117422,Temperature change,0.3453529411764706
Bangladesh,BGD,1988,13.478441,0.381056,6.001632,6.99824,0.097513,0.0,0.0,0.131255,Standard Deviation,0.5285294117647058
Bangladesh,BGD,1988,13.478441,0.381056,6.001632,6.99824,0.097513,0.0,0.0,0.131255,Temperature change,0.3727058823529412
Bangladesh,BGD,1989,13.382363,0.102592,5.767136,7.415936,0.096699,0.0,0.0,0.12758,Standard Deviation,0.5285294117647058
Bangladesh,BGD,1989,13.382363,0.102592,5.767136,7.415936,0.096699,0.0,0.0,0.12758,Temperature change,-0.0543529411764705
Bangladesh,BGD,1990,14.081596,1.069611,5.337065,7.57519,0.099731,0.0,0.0,0.131422,Standard Deviation,0.5285294117647058
Bangladesh,BGD,1990,14.081596,1.069611,5.337065,7.57519,0.099731,0.0,0.0,0.131422,Temperature change,-0.0921176470588235
Bangladesh,BGD,1991,14.741983,0.340752,5.265168,9.057408,0.078655,0.0,0.0,0.134947,Standard Deviation,0.5285294117647058
Bangladesh,BGD,1991,14.741983,0.340752,5.265168,9.057408,0.078655,0.0,0.0,0.134947,Temperature change,-0.0747647058823529
Bangladesh,BGD,1992,15.379904,0.322432,5.375088,9.607008,0.075376,0.0,0.0,0.138219,Standard Deviation,0.5285294117647058
Bangladesh,BGD,1992,15.379904,0.322432,5.375088,9.607008,0.075376,0.0,0.0,0.138219,Temperature change,-0.1630588235294117
Bangladesh,BGD,1993,16.062897,0.120912,5.47768,10.391104,0.073201,0.0,0.0,0.141625,Standard Deviation,0.5285294117647058
Bangladesh,BGD,1993,16.062897,0.120912,5.47768,10.391104,0.073201,0.0,0.0,0.141625,Temperature change,-0.3635294117647059
Bangladesh,BGD,1994,17.538015,0.098949,5.892939,11.474373,0.071755,0.0,0.0,0.151693,Standard Deviation,0.5285294117647058
Bangladesh,BGD,1994,17.538015,0.098949,5.892939,11.474373,0.071755,0.0,0.0,0.151693,Temperature change,0.1618823529411764
Bangladesh,BGD,1995,21.041714,1.220112,6.72344,13.029184,0.068978,0.0,0.0,0.178632,Standard Deviation,0.5285294117647058
Bangladesh,BGD,1995,21.041714,1.220112,6.72344,13.029184,0.068978,0.0,0.0,0.178632,Temperature change,0.1533529411764706
Bangladesh,BGD,1996,21.492816,0.67784,7.16312,13.498176,0.15368,0.0,0.0,0.179291,Standard Deviation,0.5285294117647058
Bangladesh,BGD,1996,21.492816,0.67784,7.16312,13.498176,0.15368,0.0,0.0,0.179291,Temperature change,0.1707058823529411
Bangladesh,BGD,1997,23.125868,1.227248,8.407562,13.261601,0.229458,0.0,0.0,0.189495,Standard Deviation,0.5285294117647058
Bangladesh,BGD,1997,23.125868,1.227248,8.407562,13.261601,0.229458,0.0,0.0,0.189495,Temperature change,-0.2075294117647058
Bangladesh,BGD,1998,23.1978,0.351799,8.252614,14.324809,0.268579,0.0,0.0,0.186552,Standard Deviation,0.5285294117647058
Bangladesh,BGD,1998,23.1978,0.351799,8.252614,14.324809,0.268579,0.0,0.0,0.186552,Temperature change,0.5874705882352941
Bangladesh,BGD,1999,25.074988,0.175872,8.852224,15.615968,0.430924,0.0,0.0,0.197823,Standard Deviation,0.5285294117647058
Bangladesh,BGD,1999,25.074988,0.175872,8.852224,15.615968,0.430924,0.0,0.0,0.197823,Temperature change,0.780235294117647
Bangladesh,BGD,2000,26.524611,1.253088,7.687072,16.880048,0.704403,0.0,0.0,0.205309,Standard Deviation,0.5285294117647058
Bangladesh,BGD,2000,26.524611,1.253088,7.687072,16.880048,0.704403,0.0,0.0,0.205309,Temperature change,0.1784117647058823
Bangladesh,BGD,2001,31.034909,1.330032,9.867152,18.902576,0.935149,0.0,0.0,0.235701,Standard Deviation,0.5285294117647058
Bangladesh,BGD,2001,31.034909,1.330032,9.867152,18.902576,0.935149,0.0,0.0,0.235701,Temperature change,0.3331176470588235
Bangladesh,BGD,2002,31.981243,1.329886,9.880723,19.886008,0.884627,0.0,0.0,0.238417,Standard Deviation,0.5285294117647058
Bangladesh,BGD,2002,31.981243,1.329886,9.880723,19.886008,0.884627,0.0,0.0,0.238417,Temperature change,0.3874705882352941
Bangladesh,BGD,2003,33.459295,1.366672,9.867152,21.390432,0.835039,0.0,0.0,0.245117,Standard Deviation,0.5285294117647058
Bangladesh,BGD,2003,33.459295,1.366672,9.867152,21.390432,0.835039,0.0,0.0,0.245117,Temperature change,0.2522941176470588
Bangladesh,BGD,2004,35.945411,1.450802,10.620895,23.088264,0.785451,0.0,0.0,0.258992,Standard Deviation,0.5285294117647058
Bangladesh,BGD,2004,35.945411,1.450802,10.620895,23.088264,0.785451,0.0,0.0,0.258992,Temperature change,0.3127647058823529
Bangladesh,BGD,2005,37.676581,1.604682,10.59896,24.722359,0.75058,0.0,0.0,0.267376,Standard Deviation,0.5285294117647058
Bangladesh,BGD,2005,37.676581,1.604682,10.59896,24.722359,0.75058,0.0,0.0,0.267376,Temperature change,0.5567058823529412
Bangladesh,BGD,2006,41.689168,1.810016,10.922384,28.256768,0.7,0.0,0.0,0.292291,Standard Deviation,0.5285294117647058
Bangladesh,BGD,2006,41.689168,1.810016,10.922384,28.256768,0.7,0.0,0.0,0.292291,Temperature change,0.7885294117647059
Bangladesh,BGD,2007,42.642128,2.209392,10.171264,29.579472,0.682,0.0,0.0,0.295847,Standard Deviation,0.5285294117647058
Bangladesh,BGD,2007,42.642128,2.209392,10.171264,29.579472,0.682,0.0,0.0,0.295847,Temperature change,0.2302941176470588
Bangladesh,BGD,2008,45.300872,2.469536,9.907456,32.22488,0.699,0.0,0.0,0.311515,Standard Deviation,0.5285294117647058
Bangladesh,BGD,2008,45.300872,2.469536,9.907456,32.22488,0.699,0.0,0.0,0.311515,Temperature change,0.1837647058823529
Bangladesh,BGD,2009,49.148072,3.015472,9.991728,35.441872,0.699,0.0,0.0,0.335009,Standard Deviation,0.5285294117647058
Bangladesh,BGD,2009,49.148072,3.015472,9.991728,35.441872,0.699,0.0,0.0,0.335009,Temperature change,0.7400588235294118
Bangladesh,BGD,2010,53.991553,3.073905,10.841103,39.396545,0.68,0.0,0.0,0.363846,Standard Deviation,0.5285294117647058
Bangladesh,BGD,2010,53.991553,3.073905,10.841103,39.396545,0.68,0.0,0.0,0.363846,Temperature change,0.789
Bangladesh,BGD,2011,56.556344,2.835936,13.399248,39.62616,0.695,0.0,0.0,0.376513,Standard Deviation,0.5285294117647058
Bangladesh,BGD,2011,56.556344,2.835936,13.399248,39.62616,0.695,0.0,0.0,0.376513,Temperature change,0.1530588235294117
Bangladesh,BGD,2012,60.707799,3.422176,14.879504,41.71464,0.675,0.016479,0.0,0.399155,Standard Deviation,0.5285294117647058
Bangladesh,BGD,2012,60.707799,3.422176,14.879504,41.71464,0.675,0.016479,0.0,0.399155,Temperature change,0.1797647058823529
Bangladesh,BGD,2013,61.798986,3.74807,13.959086,43.331788,0.742721,0.01732,0.0,0.401214,Standard Deviation,0.5285294117647058
Bangladesh,BGD,2013,61.798986,3.74807,13.959086,43.331788,0.742721,0.01732,0.0,0.401214,Temperature change,0.2981176470588235
Bangladesh,BGD,2014,66.008998,3.506626,15.785314,45.934239,0.752459,0.03036,0.0,0.42324,Standard Deviation,0.5285294117647058
Bangladesh,BGD,2014,66.008998,3.506626,15.785314,45.934239,0.752459,0.03036,0.0,0.42324,Temperature change,0.4661176470588235
Bangladesh,BGD,2015,73.157554,8.606736,14.688976,48.742192,1.062295,0.057355,0.0,0.463521,Standard Deviation,0.5285294117647058
Bangladesh,BGD,2015,73.157554,8.606736,14.688976,48.742192,1.062295,0.057355,0.0,0.463521,Temperature change,0.7611176470588236
Bangladesh,BGD,2016,76.203278,6.074912,15.436432,53.54936,1.116295,0.026279,0.0,0.476913,Standard Deviation,0.5285294117647058
Bangladesh,BGD,2016,76.203278,6.074912,15.436432,53.54936,1.116295,0.026279,0.0,0.476913,Temperature change,1.4109411764705884
Bangladesh,BGD,2017,80.741776,7.151838,18.707624,53.664429,1.205705,0.01218,0.0,0.499041,Standard Deviation,0.5285294117647058
Bangladesh,BGD,2017,80.741776,7.151838,18.707624,53.664429,1.205705,0.01218,0.0,0.499041,Temperature change,1.1118823529411763
Bangladesh,BGD,2018,82.555691,8.17837,19.584851,53.379254,1.394262,0.018953,0.0,0.50436,Standard Deviation,0.5285294117647058
Bangladesh,BGD,2018,82.555691,8.17837,19.584851,53.379254,1.394262,0.018953,0.0,0.50436,Temperature change,0.7972352941176472
Bangladesh,BGD,2019,100.791877,15.003591,24.852102,59.413487,1.496066,0.026632,0.0,0.608955,Standard Deviation,0.5285294117647058
Bangladesh,BGD,2019,100.791877,15.003591,24.852102,59.413487,1.496066,0.026632,0.0,0.608955,Temperature change,1.119470588235294
Bangladesh,BGD,2020,93.614961,8.680361,23.520151,59.99672,1.389836,0.027893,0.0,0.559159,Standard Deviation,0.5285294117647058
Bangladesh,BGD,2020,93.614961,8.680361,23.520151,59.99672,1.389836,0.027893,0.0,0.559159,Temperature change,0.922
Bangladesh,BGD,2021,98.970295,6.852644,29.449791,61.105342,1.51377,0.048747,0.0,0.584391,Standard Deviation,0.5285294117647058
Bangladesh,BGD,2021,98.970295,6.852644,29.449791,61.105342,1.51377,0.048747,0.0,0.584391,Temperature change,1.3556470588235294
Bangladesh,BGD,2022,102.297596,8.223173,34.19407,58.327827,1.51377,0.038756,0.0,0.59758,Standard Deviation,0.5285294117647058
Bangladesh,BGD,2022,102.297596,8.223173,34.19407,58.327827,1.51377,0.038756,0.0,0.59758,Temperature change,1.2421176470588235
Brunei Darussalam,BRN,1961,0.304112,0.0,0.029312,0.2748,0.0,0.0,0.0,3.395585,Standard Deviation,0.3014117647058824
Brunei Darussalam,BRN,1961,0.304112,0.0,0.029312,0.2748,0.0,0.0,0.0,3.395585,Temperature change,0.0471176470588235
Brunei Darussalam,BRN,1962,0.370064,0.0,0.074013,0.296051,0.0,0.0,0.0,3.94369,Standard Deviation,0.3014117647058824
Brunei Darussalam,BRN,1962,0.370064,0.0,0.074013,0.296051,0.0,0.0,0.0,3.94369,Temperature change,-0.0255882352941176
Brunei Darussalam,BRN,1963,0.355408,0.0,0.05496,0.300448,0.0,0.0,0.0,3.61639,Standard Deviation,0.3014117647058824
Brunei Darussalam,BRN,1963,0.355408,0.0,0.05496,0.300448,0.0,0.0,0.0,3.61639,Temperature change,-0.1654117647058823
Brunei Darussalam,BRN,1964,0.340752,0.0,0.07328,0.267472,0.0,0.0,0.0,3.311358,Standard Deviation,0.3014117647058824
Brunei Darussalam,BRN,1964,0.340752,0.0,0.07328,0.267472,0.0,0.0,0.0,3.311358,Temperature change,0.0238823529411764
Brunei Darussalam,BRN,1965,0.333424,0.0,0.010873,0.322551,0.0,0.0,0.0,3.096261,Standard Deviation,0.3014117647058824
Brunei Darussalam,BRN,1965,0.333424,0.0,0.010873,0.322551,0.0,0.0,0.0,3.096261,Temperature change,-0.1844705882352941
Brunei Darussalam,BRN,1966,0.490976,0.0,0.20152,0.289456,0.0,0.0,0.0,4.360471,Standard Deviation,0.3014117647058824
Brunei Darussalam,BRN,1966,0.490976,0.0,0.20152,0.289456,0.0,0.0,0.0,4.360471,Temperature change,0.1807058823529412
Brunei Darussalam,BRN,1967,0.43968,0.0,0.144097,0.295583,0.0,0.0,0.0,3.737886,Standard Deviation,0.3014117647058824
Brunei Darussalam,BRN,1967,0.43968,0.0,0.144097,0.295583,0.0,0.0,0.0,3.737886,Temperature change,-0.1147647058823529
Brunei Darussalam,BRN,1968,0.428688,0.0,0.142896,0.285792,0.0,0.0,0.0,3.491968,Standard Deviation,0.3014117647058824
Brunei Darussalam,BRN,1968,0.428688,0.0,0.142896,0.285792,0.0,0.0,0.0,3.491968,Temperature change,-0.154235294117647
Brunei Darussalam,BRN,1969,0.487312,0.0,0.16488,0.322432,0.0,0.0,0.0,3.806768,Standard Deviation,0.3014117647058824
Brunei Darussalam,BRN,1969,0.487312,0.0,0.16488,0.322432,0.0,0.0,0.0,3.806768,Temperature change,0.2035294117647058
Brunei Darussalam,BRN,1970,8.203696,0.0,0.190528,0.388384,0.0,7.624784,0.0,61.52326,Standard Deviation,0.3014117647058824
Brunei Darussalam,BRN,1970,8.203696,0.0,0.190528,0.388384,0.0,7.624784,0.0,61.52326,Temperature change,0.0973529411764705
Brunei Darussalam,BRN,1971,7.5112,0.0,0.260144,0.362736,0.0,6.88832,0.0,54.167568,Standard Deviation,0.3014117647058824
Brunei Darussalam,BRN,1971,7.5112,0.0,0.260144,0.362736,0.0,6.88832,0.0,54.167568,Temperature change,-0.2640588235294117
Brunei Darussalam,BRN,1972,9.45312,0.0,0.21984,0.736464,0.0,8.496816,0.0,65.698678,Standard Deviation,0.3014117647058824
Brunei Darussalam,BRN,1972,9.45312,0.0,0.21984,0.736464,0.0,8.496816,0.0,65.698678,Temperature change,0.0731176470588235
Brunei Darussalam,BRN,1973,9.973408,0.0,0.249061,0.860724,0.0,8.863624,0.0,66.906437,Standard Deviation,0.3014117647058824
Brunei Darussalam,BRN,1973,9.973408,0.0,0.249061,0.860724,0.0,8.863624,0.0,66.906437,Temperature change,0.2007647058823529
Brunei Darussalam,BRN,1974,8.178048,0.0,0.292989,1.36606,0.0,6.518999,0.0,52.996151,Standard Deviation,0.3014117647058824
Brunei Darussalam,BRN,1974,8.178048,0.0,0.292989,1.36606,0.0,6.518999,0.0,52.996151,Temperature change,-0.1398823529411764
Brunei Darussalam,BRN,1975,7.075184,0.0,0.300448,1.516896,0.0,5.25784,0.0,44.31601,Standard Deviation,0.3014117647058824
Brunei Darussalam,BRN,1975,7.075184,0.0,0.300448,1.516896,0.0,5.25784,0.0,44.31601,Temperature change,0.0028823529411764
Brunei Darussalam,BRN,1976,6.019952,0.0,0.337293,1.022879,0.0,4.65978,0.0,36.470411,Standard Deviation,0.3014117647058824
Brunei Darussalam,BRN,1976,6.019952,0.0,0.337293,1.022879,0.0,4.65978,0.0,36.470411,Temperature change,-0.3496470588235294
Brunei Darussalam,BRN,1977,6.390016,0.0,0.443598,1.789058,0.0,4.15736,0.0,37.464916,Standard Deviation,0.3014117647058824
Brunei Darussalam,BRN,1977,6.390016,0.0,0.443598,1.789058,0.0,4.15736,0.0,37.464916,Temperature change,-0.0627647058823529
Brunei Darussalam,BRN,1978,9.533728,0.0,0.542272,3.601712,0.0,5.389744,0.0,54.114794,Standard Deviation,0.3014117647058824
Brunei Darussalam,BRN,1978,9.533728,0.0,0.542272,3.601712,0.0,5.389744,0.0,54.114794,Temperature change,0.1377647058823529
Brunei Darussalam,BRN,1979,7.434256,0.0,0.637536,3.473472,0.0,3.323248,0.0,40.858561,Standard Deviation,0.3014117647058824
Brunei Darussalam,BRN,1979,7.434256,0.0,0.637536,3.473472,0.0,3.323248,0.0,40.858561,Temperature change,0.2632941176470588
Brunei Darussalam,BRN,1980,6.877328,0.003664,0.674176,2.901888,0.0,3.2976,0.0,36.59691,Standard Deviation,0.3014117647058824
Brunei Darussalam,BRN,1980,6.877328,0.003664,0.674176,2.901888,0.0,3.2976,0.0,36.59691,Temperature change,0.1749411764705882
Brunei Darussalam,BRN,1981,2.059168,0.0,0.0,1.183472,0.0,0.875696,0.0,10.608854,Standard Deviation,0.3014117647058824
Brunei Darussalam,BRN,1981,2.059168,0.0,0.0,1.183472,0.0,0.875696,0.0,10.608854,Temperature change,0.1193529411764705
Brunei Darussalam,BRN,1982,2.664731,0.0,0.0,1.178207,0.0,1.486523,0.0,13.281816,Standard Deviation,0.3014117647058824
Brunei Darussalam,BRN,1982,2.664731,0.0,0.0,1.178207,0.0,1.486523,0.0,13.281816,Temperature change,0.2335882352941176
Brunei Darussalam,BRN,1983,2.733344,0.0,0.0,1.311712,0.0,1.421632,0.0,13.171282,Standard Deviation,0.3014117647058824
Brunei Darussalam,BRN,1983,2.733344,0.0,0.0,1.311712,0.0,1.421632,0.0,13.171282,Temperature change,0.5188823529411765
Brunei Darussalam,BRN,1984,1.916272,0.0,0.657112,1.097635,0.0,0.161525,0.0,8.926095,Standard Deviation,0.3014117647058824
Brunei Darussalam,BRN,1984,1.916272,0.0,0.657112,1.097635,0.0,0.161525,0.0,8.926095,Temperature change,0.0392941176470588
Brunei Darussalam,BRN,1985,2.594112,0.0,1.223776,1.234768,0.0,0.135568,0.0,11.678929,Standard Deviation,0.3014117647058824
Brunei Darussalam,BRN,1985,2.594112,0.0,1.223776,1.234768,0.0,0.135568,0.0,11.678929,Temperature change,0.1745882352941176
Brunei Darussalam,BRN,1986,2.297328,0.0,1.321147,0.943152,0.0,0.033029,0.0,9.996423,Standard Deviation,0.3014117647058824
Brunei Darussalam,BRN,1986,2.297328,0.0,1.321147,0.943152,0.0,0.033029,0.0,9.996423,Temperature change,0.1811764705882353
Brunei Darussalam,BRN,1987,3.31592,0.0,1.1908,2.077488,0.0,0.047632,0.0,13.949317,Standard Deviation,0.3014117647058824
Brunei Darussalam,BRN,1987,3.31592,0.0,1.1908,2.077488,0.0,0.047632,0.0,13.949317,Temperature change,0.4961764705882353
Brunei Darussalam,BRN,1988,5.712176,0.0,1.601168,4.063376,0.0,0.047632,0.0,23.245836,Standard Deviation,0.3014117647058824
Brunei Darussalam,BRN,1988,5.712176,0.0,1.601168,4.063376,0.0,0.047632,0.0,23.245836,Temperature change,0.4138235294117647
Brunei Darussalam,BRN,1989,6.342384,0.0,1.57552,4.719232,0.0,0.047632,0.0,24.987625,Standard Deviation,0.3014117647058824
Brunei Darussalam,BRN,1989,6.342384,0.0,1.57552,4.719232,0.0,0.047632,0.0,24.987625,Temperature change,0.1027647058823529
Brunei Darussalam,BRN,1990,5.455696,0.0,1.539914,3.857118,0.0,0.058663,0.0,20.828991,Standard Deviation,0.3014117647058824
Brunei Darussalam,BRN,1990,5.455696,0.0,1.539914,3.857118,0.0,0.058663,0.0,20.828991,Temperature change,0.3937647058823529
Brunei Darussalam,BRN,1991,7.210752,0.0,1.637808,4.371152,0.0,1.201792,0.0,26.720344,Standard Deviation,0.3014117647058824
Brunei Darussalam,BRN,1991,7.210752,0.0,1.637808,4.371152,0.0,1.201792,0.0,26.720344,Temperature change,0.378
Brunei Darussalam,BRN,1992,6.884656,0.0,1.261087,4.479792,0.0,1.143777,0.0,24.817083,Standard Deviation,0.3014117647058824
Brunei Darussalam,BRN,1992,6.884656,0.0,1.261087,4.479792,0.0,1.143777,0.0,24.817083,Temperature change,0.3082941176470588
Brunei Darussalam,BRN,1993,6.35704,0.0,1.604832,4.162304,0.0,0.589904,0.0,22.327888,Standard Deviation,0.3014117647058824
Brunei Darussalam,BRN,1993,6.35704,0.0,1.604832,4.162304,0.0,0.589904,0.0,22.327888,Temperature change,0.2463529411764705
Brunei Darussalam,BRN,1994,5.552968,0.0,1.352016,4.078032,0.0,0.12292,0.0,19.021247,Standard Deviation,0.3014117647058824
Brunei Darussalam,BRN,1994,5.552968,0.0,1.352016,4.078032,0.0,0.12292,0.0,19.021247,Temperature change,0.4651176470588235
Brunei Darussalam,BRN,1995,5.825335,0.0,1.088804,4.641166,0.0,0.095365,0.0,19.476408,Standard Deviation,0.3014117647058824
Brunei Darussalam,BRN,1995,5.825335,0.0,1.088804,4.641166,0.0,0.095365,0.0,19.476408,Temperature change,0.4464705882352941
Brunei Darussalam,BRN,1996,5.878721,0.0,1.193802,4.573801,0.0,0.111118,0.0,19.199208,Standard Deviation,0.3014117647058824
Brunei Darussalam,BRN,1996,5.878721,0.0,1.193802,4.573801,0.0,0.111118,0.0,19.199208,Temperature change,0.436
Brunei Darussalam,BRN,1997,6.087246,0.0,1.278736,4.675264,0.0,0.133246,0.0,19.434722,Standard Deviation,0.3014117647058824
Brunei Darussalam,BRN,1997,6.087246,0.0,1.278736,4.675264,0.0,0.133246,0.0,19.434722,Temperature change,0.7271176470588235
Brunei Darussalam,BRN,1998,5.595279,0.0,1.421632,3.97544,0.0,0.198207,0.0,17.476944,Standard Deviation,0.3014117647058824
Brunei Darussalam,BRN,1998,5.595279,0.0,1.421632,3.97544,0.0,0.198207,0.0,17.476944,Temperature change,1.257
Brunei Darussalam,BRN,1999,5.978051,0.0,1.546208,4.19528,0.0,0.236563,0.0,18.278986,Standard Deviation,0.3014117647058824
Brunei Darussalam,BRN,1999,5.978051,0.0,1.546208,4.19528,0.0,0.236563,0.0,18.278986,Temperature change,0.5547058823529412
Brunei Darussalam,BRN,2000,5.328739,0.0,0.839581,4.205238,0.0,0.28392,0.0,15.957845,Standard Deviation,0.3014117647058824
Brunei Darussalam,BRN,2000,5.328739,0.0,0.839581,4.205238,0.0,0.28392,0.0,15.957845,Temperature change,0.5070588235294117
Brunei Darussalam,BRN,2001,5.189616,0.0,0.901344,3.90216,0.0,0.386112,0.0,15.23007,Standard Deviation,0.3014117647058824
Brunei Darussalam,BRN,2001,5.189616,0.0,0.901344,3.90216,0.0,0.386112,0.0,15.23007,Temperature change,0.5842352941176471
Brunei Darussalam,BRN,2002,4.669874,0.0,0.718144,3.70064,0.0,0.25109,0.0,13.439918,Standard Deviation,0.3014117647058824
Brunei Darussalam,BRN,2002,4.669874,0.0,0.718144,3.70064,0.0,0.25109,0.0,13.439918,Temperature change,0.7378823529411765
Brunei Darussalam,BRN,2003,5.597862,0.0,0.838559,4.500387,0.0,0.258916,0.0,15.811159,Standard Deviation,0.3014117647058824
Brunei Darussalam,BRN,2003,5.597862,0.0,0.838559,4.500387,0.0,0.258916,0.0,15.811159,Temperature change,0.6701764705882354
Brunei Darussalam,BRN,2004,5.640577,0.0,1.0076,4.455424,0.0,0.177553,0.0,15.648232,Standard Deviation,0.3014117647058824
Brunei Darussalam,BRN,2004,5.640577,0.0,1.0076,4.455424,0.0,0.177553,0.0,15.648232,Temperature change,0.6769411764705882
Brunei Darussalam,BRN,2005,5.428519,0.0,1.058896,4.206272,0.0,0.163351,0.0,14.80302,Standard Deviation,0.3014117647058824
Brunei Darussalam,BRN,2005,5.428519,0.0,1.058896,4.206272,0.0,0.163351,0.0,14.80302,Temperature change,0.8911764705882353
Brunei Darussalam,BRN,2006,7.143688,0.0,0.97096,5.877056,0.0,0.295672,0.0,19.161843,Standard Deviation,0.3014117647058824
Brunei Darussalam,BRN,2006,7.143688,0.0,0.97096,5.877056,0.0,0.295672,0.0,19.161843,Temperature change,0.7645294117647059
Brunei Darussalam,BRN,2007,8.076697,0.0,1.846656,5.939344,0.0,0.290697,0.0,21.324724,Standard Deviation,0.3014117647058824
Brunei Darussalam,BRN,2007,8.076697,0.0,1.846656,5.939344,0.0,0.290697,0.0,21.324724,Temperature change,0.7036470588235294
Brunei Darussalam,BRN,2008,9.165561,0.0,2.055504,6.492608,0.0,0.617449,0.0,23.833394,Standard Deviation,0.3014117647058824
Brunei Darussalam,BRN,2008,9.165561,0.0,2.055504,6.492608,0.0,0.617449,0.0,23.833394,Temperature change,0.5264117647058824
Brunei Darussalam,BRN,2009,7.744925,0.0,1.754236,5.595976,0.0,0.394713,0.0,19.842958,Standard Deviation,0.3014117647058824
Brunei Darussalam,BRN,2009,7.744925,0.0,1.754236,5.595976,0.0,0.394713,0.0,19.842958,Temperature change,0.8918823529411766
Brunei Darussalam,BRN,2010,8.017382,0.0,1.590176,6.126208,0.0,0.300998,0.0,20.243205,Standard Deviation,0.3014117647058824
Brunei Darussalam,BRN,2010,8.017382,0.0,1.590176,6.126208,0.0,0.300998,0.0,20.243205,Temperature change,0.9776470588235294
Brunei Darussalam,BRN,2011,9.555439,0.0,1.956576,7.287696,0.0,0.311167,0.0,23.798995,Standard Deviation,0.3014117647058824
Brunei Darussalam,BRN,2011,9.555439,0.0,1.956576,7.287696,0.0,0.311167,0.0,23.798995,Temperature change,0.7521764705882353
Brunei Darussalam,BRN,2012,9.499828,0.0,2.06571,7.112781,0.0,0.321337,0.0,23.362109,Standard Deviation,0.3014117647058824
Brunei Darussalam,BRN,2012,9.499828,0.0,2.06571,7.112781,0.0,0.321337,0.0,23.362109,Temperature change,0.934
Brunei Darussalam,BRN,2013,7.626055,0.0,1.656128,5.62424,0.0,0.345687,0.0,18.52324,Standard Deviation,0.3014117647058824
Brunei Darussalam,BRN,2013,7.626055,0.0,1.656128,5.62424,0.0,0.345687,0.0,18.52324,Temperature change,1.1904117647058825
Brunei Darussalam,BRN,2014,8.830992,0.0,1.689104,6.771072,0.0,0.370816,0.0,21.194924,Standard Deviation,0.3014117647058824
Brunei Darussalam,BRN,2014,8.830992,0.0,1.689104,6.771072,0.0,0.370816,0.0,21.194924,Temperature change,1.0103529411764705
Brunei Darussalam,BRN,2015,6.93329,0.0,1.645136,4.89144,0.0,0.396714,0.0,16.451546,Standard Deviation,0.3014117647058824
Brunei Darussalam,BRN,2015,6.93329,0.0,1.645136,4.89144,0.0,0.396714,0.0,16.451546,Temperature change,1.3319411764705882
Brunei Darussalam,BRN,2016,7.632908,0.0,1.803499,5.340849,0.0,0.488559,0.0,17.917876,Standard Deviation,0.3014117647058824
Brunei Darussalam,BRN,2016,7.632908,0.0,1.803499,5.340849,0.0,0.488559,0.0,17.917876,Temperature change,1.7286470588235294
Brunei Darussalam,BRN,2017,9.309384,0.0,1.927264,6.822368,0.0,0.559752,0.0,21.635844,Standard Deviation,0.3014117647058824
Brunei Darussalam,BRN,2017,9.309384,0.0,1.927264,6.822368,0.0,0.559752,0.0,21.635844,Temperature change,1.4436470588235293
Brunei Darussalam,BRN,2018,9.344461,0.0,1.905999,7.02654,0.0,0.411922,0.0,21.517431,Standard Deviation,0.3014117647058824
Brunei Darussalam,BRN,2018,9.344461,0.0,1.905999,7.02654,0.0,0.411922,0.0,21.517431,Temperature change,1.4365882352941175
Brunei Darussalam,BRN,2019,10.732756,0.604763,3.577267,5.974329,0.0,0.576397,0.0,24.501325,Standard Deviation,0.3014117647058824
Brunei Darussalam,BRN,2019,10.732756,0.604763,3.577267,5.974329,0.0,0.576397,0.0,24.501325,Temperature change,1.6211176470588236
Brunei Darussalam,BRN,2020,11.10193,2.132448,3.35256,5.33112,0.0,0.285802,0.0,25.133125,Standard Deviation,0.3014117647058824
Brunei Darussalam,BRN,2020,11.10193,2.132448,3.35256,5.33112,0.0,0.285802,0.0,25.133125,Temperature change,1.7755882352941177
Brunei Darussalam,BRN,2021,11.326961,2.193961,3.52341,5.204189,0.0,0.405401,0.0,25.432527,Standard Deviation,0.3014117647058824
Brunei Darussalam,BRN,2021,11.326961,2.193961,3.52341,5.204189,0.0,0.405401,0.0,25.432527,Temperature change,1.4863529411764709
Brunei Darussalam,BRN,2022,10.773449,2.173457,3.478608,4.950326,0.0,0.171058,0.0,23.994211,Standard Deviation,0.3014117647058824
Brunei Darussalam,BRN,2022,10.773449,2.173457,3.478608,4.950326,0.0,0.171058,0.0,23.994211,Temperature change,1.3757058823529411
Burundi,BDI,1961,0.047737,0.002512,0.045224,0.0,0.0,0.0,0.0,0.016952,Standard Deviation,0.401
Burundi,BDI,1961,0.047737,0.002512,0.045224,0.0,0.0,0.0,0.0,0.016952,Temperature change,-0.0131176470588235
Burundi,BDI,1962,0.043968,0.0,0.043968,0.0,0.0,0.0,0.0,0.015228,Standard Deviation,0.401
Burundi,BDI,1962,0.043968,0.0,0.043968,0.0,0.0,0.0,0.0,0.015228,Temperature change,-0.5095882352941177
Burundi,BDI,1963,0.047632,0.0,0.047632,0.0,0.0,0.0,0.0,0.016157,Standard Deviation,0.401
Burundi,BDI,1963,0.047632,0.0,0.047632,0.0,0.0,0.0,0.0,0.016157,Temperature change,0.0175294117647058
Burundi,BDI,1964,0.047632,0.0,0.047632,0.0,0.0,0.0,0.0,0.015703,Standard Deviation,0.401
Burundi,BDI,1964,0.047632,0.0,0.047632,0.0,0.0,0.0,0.0,0.015703,Temperature change,-0.2411176470588235
Burundi,BDI,1965,0.03664,0.0,0.03664,0.0,0.0,0.0,0.0,0.011751,Standard Deviation,0.401
Burundi,BDI,1965,0.03664,0.0,0.03664,0.0,0.0,0.0,0.0,0.011751,Temperature change,-0.2238235294117647
Burundi,BDI,1966,0.047632,0.0,0.047632,0.0,0.0,0.0,0.0,0.014916,Standard Deviation,0.401
Burundi,BDI,1966,0.047632,0.0,0.047632,0.0,0.0,0.0,0.0,0.014916,Temperature change,-0.0005294117647058
Burundi,BDI,1967,0.047632,0.0,0.047632,0.0,0.0,0.0,0.0,0.014546,Standard Deviation,0.401
Burundi,BDI,1967,0.047632,0.0,0.047632,0.0,0.0,0.0,0.0,0.014546,Temperature change,-0.261
Burundi,BDI,1968,0.05496,0.0,0.05496,0.0,0.0,0.0,0.0,0.016394,Standard Deviation,0.401
Burundi,BDI,1968,0.05496,0.0,0.05496,0.0,0.0,0.0,0.0,0.016394,Temperature change,-0.2761764705882353
Burundi,BDI,1969,0.07328,0.0,0.07328,0.0,0.0,0.0,0.0,0.021399,Standard Deviation,0.401
Burundi,BDI,1969,0.07328,0.0,0.07328,0.0,0.0,0.0,0.0,0.021399,Temperature change,0.1943529411764706
Burundi,BDI,1970,0.062288,0.0,0.062288,0.0,0.0,0.0,0.0,0.017808,Standard Deviation,0.401
Burundi,BDI,1970,0.062288,0.0,0.062288,0.0,0.0,0.0,0.0,0.017808,Temperature change,0.2421176470588235
Burundi,BDI,1971,0.07328,0.0,0.07328,0.0,0.0,0.0,0.0,0.020457,Standard Deviation,0.401
Burundi,BDI,1971,0.07328,0.0,0.07328,0.0,0.0,0.0,0.0,0.020457,Temperature change,-0.3188235294117647
Burundi,BDI,1972,0.07328,0.0,0.07328,0.0,0.0,0.0,0.0,0.020474,Standard Deviation,0.401
Burundi,BDI,1972,0.07328,0.0,0.07328,0.0,0.0,0.0,0.0,0.020474,Temperature change,0.224235294117647
Burundi,BDI,1973,0.07328,0.0,0.07328,0.0,0.0,0.0,0.0,0.020518,Standard Deviation,0.401
Burundi,BDI,1973,0.07328,0.0,0.07328,0.0,0.0,0.0,0.0,0.020518,Temperature change,0.5390588235294117
Burundi,BDI,1974,0.0916,0.0,0.0916,0.0,0.0,0.0,0.0,0.025027,Standard Deviation,0.401
Burundi,BDI,1974,0.0916,0.0,0.0916,0.0,0.0,0.0,0.0,0.025027,Temperature change,0.1697647058823529
Burundi,BDI,1975,0.076944,0.0,0.076944,0.0,0.0,0.0,0.0,0.020523,Standard Deviation,0.4016666666666666
Burundi,BDI,1975,0.076944,0.0,0.076944,0.0,0.0,0.0,0.0,0.020523,Temperature change,-0.0323333333333333
Burundi,BDI,1979,0.10992,0.003664,0.106256,0.0,0.0,0.0,0.0,0.026567,Standard Deviation,0.4222857142857142
Burundi,BDI,1979,0.10992,0.003664,0.106256,0.0,0.0,0.0,0.0,0.026567,Temperature change,0.6782857142857143
Burundi,BDI,1980,0.14656,0.007149,0.139411,0.0,0.0,0.0,0.0,0.033982,Standard Deviation,0.421
Burundi,BDI,1980,0.14656,0.007149,0.139411,0.0,0.0,0.0,0.0,0.033982,Temperature change,0.9605
Burundi,BDI,1981,0.157552,0.007328,0.150224,0.0,0.0,0.0,0.0,0.035084,Standard Deviation,0.4055714285714286
Burundi,BDI,1981,0.157552,0.007328,0.150224,0.0,0.0,0.0,0.0,0.035084,Temperature change,0.9717142857142856
Burundi,BDI,1982,0.157552,0.014656,0.142896,0.0,0.0,0.0,0.0,0.034234,Standard Deviation,0.3982666666666666
Burundi,BDI,1982,0.157552,0.014656,0.142896,0.0,0.0,0.0,0.0,0.034234,Temperature change,0.3806
Burundi,BDI,1983,0.205184,0.01832,0.186864,0.0,0.0,0.0,0.0,0.043411,Standard Deviation,0.3993333333333334
Burundi,BDI,1983,0.205184,0.01832,0.186864,0.0,0.0,0.0,0.0,0.043411,Temperature change,0.6462666666666667
Burundi,BDI,1984,0.21984,0.018631,0.201209,0.0,0.0,0.0,0.0,0.0454,Standard Deviation,0.42175
Burundi,BDI,1984,0.21984,0.018631,0.201209,0.0,0.0,0.0,0.0,0.0454,Temperature change,-0.060375
Burundi,BDI,1985,0.230832,0.014656,0.216176,0.0,0.0,0.0,0.0,0.046651,Standard Deviation,0.292
Burundi,BDI,1985,0.230832,0.014656,0.216176,0.0,0.0,0.0,0.0,0.046651,Temperature change,0.193
Burundi,BDI,1986,0.234496,0.01832,0.216176,0.0,0.0,0.0,0.0,0.046511,Standard Deviation,0.3978666666666666
Burundi,BDI,1986,0.234496,0.01832,0.216176,0.0,0.0,0.0,0.0,0.046511,Temperature change,0.4976
Burundi,BDI,1987,0.249152,0.025648,0.223504,0.0,0.0,0.0,0.0,0.048306,Standard Deviation,0.401
Burundi,BDI,1987,0.249152,0.025648,0.223504,0.0,0.0,0.0,0.0,0.048306,Temperature change,0.6914117647058823
Burundi,BDI,1988,0.227168,0.018029,0.209139,0.0,0.0,0.0,0.0,0.043091,Standard Deviation,0.401
Burundi,BDI,1988,0.227168,0.018029,0.209139,0.0,0.0,0.0,0.0,0.043091,Temperature change,0.1748823529411765
Burundi,BDI,1989,0.267472,0.01832,0.249152,0.0,0.0,0.0,0.0,0.049774,Standard Deviation,0.4019375
Burundi,BDI,1989,0.267472,0.01832,0.249152,0.0,0.0,0.0,0.0,0.049774,Temperature change,0.028375
Burundi,BDI,1990,0.208848,0.014656,0.194192,0.0,0.0,0.0,0.0,0.038085,Standard Deviation,0.397875
Burundi,BDI,1990,0.208848,0.014656,0.194192,0.0,0.0,0.0,0.0,0.038085,Temperature change,0.289625
Burundi,BDI,1991,0.23816,0.014656,0.223504,0.0,0.0,0.0,0.0,0.042568,Standard Deviation,0.401
Burundi,BDI,1991,0.23816,0.014656,0.223504,0.0,0.0,0.0,0.0,0.042568,Temperature change,-0.0958823529411764
Burundi,BDI,1992,0.216176,0.01832,0.197856,0.0,0.0,0.0,0.0,0.037641,Standard Deviation,0.4007333333333333
Burundi,BDI,1992,0.216176,0.01832,0.197856,0.0,0.0,0.0,0.0,0.037641,Temperature change,0.0075333333333333
Burundi,BDI,1993,0.227168,0.018029,0.209139,0.0,0.0,0.0,0.0,0.040893,Standard Deviation,0.4083333333333334
Burundi,BDI,1993,0.227168,0.018029,0.209139,0.0,0.0,0.0,0.0,0.040893,Temperature change,0.039
Burundi,BDI,1994,0.234496,0.01832,0.216176,0.0,0.0,0.0,0.0,0.041976,Standard Deviation,0.3838
Burundi,BDI,1994,0.234496,0.01832,0.216176,0.0,0.0,0.0,0.0,0.041976,Temperature change,0.0748
Burundi,BDI,1995,0.23816,0.01832,0.21984,0.0,0.0,0.0,0.0,0.040143,Standard Deviation,0.391
Burundi,BDI,1995,0.23816,0.01832,0.21984,0.0,0.0,0.0,0.0,0.040143,Temperature change,0.592125
Burundi,BDI,1996,0.241824,0.018047,0.223777,0.0,0.0,0.0,0.0,0.040776,Standard Deviation,0.426375
Burundi,BDI,1996,0.241824,0.018047,0.223777,0.0,0.0,0.0,0.0,0.040776,Temperature change,0.67275
Burundi,BDI,1997,0.249152,0.018054,0.231098,0.0,0.0,0.0,0.0,0.042059,Standard Deviation,0.4323333333333333
Burundi,BDI,1997,0.249152,0.018054,0.231098,0.0,0.0,0.0,0.0,0.042059,Temperature change,1.072
Burundi,BDI,1998,0.249152,0.018054,0.231098,0.0,0.0,0.0,0.0,0.041282,Standard Deviation,0.3909285714285714
Burundi,BDI,1998,0.249152,0.018054,0.231098,0.0,0.0,0.0,0.0,0.041282,Temperature change,0.5967142857142856
Burundi,BDI,1999,0.252816,0.007223,0.245593,0.0,0.0,0.0,0.0,0.040908,Standard Deviation,0.4398333333333333
Burundi,BDI,1999,0.252816,0.007223,0.245593,0.0,0.0,0.0,0.0,0.040908,Temperature change,-0.8875000000000001
Burundi,BDI,2000,0.271136,0.00723,0.263906,0.0,0.0,0.0,0.0,0.042985,Standard Deviation,0.422
Burundi,BDI,2000,0.271136,0.00723,0.263906,0.0,0.0,0.0,0.0,0.042985,Temperature change,0.6020000000000001
Burundi,BDI,2001,0.205184,0.010799,0.194385,0.0,0.0,0.0,0.0,0.031734,Standard Deviation,0.396
Burundi,BDI,2001,0.205184,0.010799,0.194385,0.0,0.0,0.0,0.0,0.031734,Temperature change,0.4331333333333333
Burundi,BDI,2002,0.212512,0.010992,0.20152,0.0,0.0,0.0,0.0,0.031962,Standard Deviation,0.396125
Burundi,BDI,2002,0.212512,0.010992,0.20152,0.0,0.0,0.0,0.0,0.031962,Temperature change,0.9326875
Burundi,BDI,2003,0.161216,0.007328,0.153888,0.0,0.0,0.0,0.0,0.023498,Standard Deviation,0.401
Burundi,BDI,2003,0.161216,0.007328,0.153888,0.0,0.0,0.0,0.0,0.023498,Temperature change,1.0061764705882352
Burundi,BDI,2004,0.197856,0.007328,0.190528,0.0,0.0,0.0,0.0,0.027787,Standard Deviation,0.401
Burundi,BDI,2004,0.197856,0.007328,0.190528,0.0,0.0,0.0,0.0,0.027787,Temperature change,1.1331764705882352
Burundi,BDI,2007,0.20152,0.010796,0.190724,0.0,0.0,0.0,0.0,0.025366,Standard Deviation,0.3902142857142857
Burundi,BDI,2007,0.20152,0.010796,0.190724,0.0,0.0,0.0,0.0,0.025366,Temperature change,1.2202142857142857
Burundi,BDI,2008,0.208848,0.014656,0.194192,0.0,0.0,0.0,0.0,0.025229,Standard Deviation,0.4245
Burundi,BDI,2008,0.208848,0.014656,0.194192,0.0,0.0,0.0,0.0,0.025229,Temperature change,1.19275
Burundi,BDI,2009,0.168544,0.014656,0.153888,0.0,0.0,0.0,0.0,0.019352,Standard Deviation,0.4183333333333333
Burundi,BDI,2009,0.168544,0.014656,0.153888,0.0,0.0,0.0,0.0,0.019352,Temperature change,0.9834444444444445
Burundi,BDI,2010,0.296784,0.01832,0.278464,0.0,0.0,0.0,0.0,0.032519,Standard Deviation,0.42
Burundi,BDI,2010,0.296784,0.01832,0.278464,0.0,0.0,0.0,0.0,0.032519,Temperature change,1.6288
Burundi,BDI,2011,0.340752,0.010992,0.32976,0.0,0.0,0.0,0.0,0.036037,Standard Deviation,0.4373333333333333
Burundi,BDI,2011,0.340752,0.010992,0.32976,0.0,0.0,0.0,0.0,0.036037,Temperature change,0.511
Burundi,BDI,2012,0.352023,0.029033,0.32299,0.0,0.0,0.0,0.0,0.035937,Standard Deviation,0.4205
Burundi,BDI,2012,0.352023,0.029033,0.32299,0.0,0.0,0.0,0.0,0.035937,Temperature change,0.9735
Burundi,BDI,2013,0.359072,0.021984,0.337088,0.0,0.0,0.0,0.0,0.035378,Standard Deviation,0.4075
Burundi,BDI,2013,0.359072,0.021984,0.337088,0.0,0.0,0.0,0.0,0.035378,Temperature change,1.294125
Canada,CAN,1961,194.000694,45.594816,118.662304,22.965952,2.783862,3.99376,0.0,10.616398,Standard Deviation,1.191
Canada,CAN,1961,194.000694,45.594816,118.662304,22.965952,2.783862,3.99376,0.0,10.616398,Temperature change,-0.075235294117647
Canada,CAN,1962,206.990771,47.031104,126.287088,25.97776,3.085507,4.609312,0.0,11.115183,Standard Deviation,1.191
Canada,CAN,1962,206.990771,47.031104,126.287088,25.97776,3.085507,4.609312,0.0,11.115183,Temperature change,-0.001235294117647
Canada,CAN,1963,210.910776,46.598752,134.270944,22.365056,3.143656,4.532368,0.0,11.117533,Standard Deviation,1.191
Canada,CAN,1963,210.910776,46.598752,134.270944,22.365056,3.143656,4.532368,0.0,11.117533,Temperature change,0.2819411764705882
Canada,CAN,1964,237.577733,51.91888,143.7204,34.159472,3.547061,4.23192,0.0,12.292959,Standard Deviation,1.191
Canada,CAN,1964,237.577733,51.91888,143.7204,34.159472,3.547061,4.23192,0.0,12.292959,Temperature change,-0.4686470588235294
Canada,CAN,1965,251.916995,54.175904,151.748224,38.035984,3.746947,4.209936,0.0,12.794936,Standard Deviation,1.191
Canada,CAN,1965,251.916995,54.175904,151.748224,38.035984,3.746947,4.209936,0.0,12.794936,Temperature change,-0.6622941176470588
Canada,CAN,1966,259.074371,52.582064,155.826256,42.421792,4.001347,4.242912,0.0,12.918044,Standard Deviation,1.191
Canada,CAN,1966,259.074371,52.582064,155.826256,42.421792,4.001347,4.242912,0.0,12.918044,Temperature change,-0.1605294117647058
Canada,CAN,1967,281.637036,57.315952,171.489856,45.063536,3.583404,4.184288,0.0,13.800291,Standard Deviation,1.191
Canada,CAN,1967,281.637036,57.315952,171.489856,45.063536,3.583404,4.184288,0.0,13.800291,Temperature change,-0.3751176470588235
Canada,CAN,1968,303.26134,60.577644,179.204741,55.524927,3.659768,4.29426,0.0,14.627744,Standard Deviation,1.191
Canada,CAN,1968,303.26134,60.577644,179.204741,55.524927,3.659768,4.29426,0.0,14.627744,Temperature change,0.312470588235294
Canada,CAN,1969,307.119205,59.11864,181.529216,58.297904,3.699701,4.473744,0.0,14.601126,Standard Deviation,1.191
Canada,CAN,1969,307.119205,59.11864,181.529216,58.297904,3.699701,4.473744,0.0,14.601126,Temperature change,0.2757058823529412
Canada,CAN,1970,341.177214,58.814528,211.372496,62.625088,3.561598,4.803504,0.0,15.917142,Standard Deviation,1.191
Canada,CAN,1970,341.177214,58.814528,211.372496,62.625088,3.561598,4.803504,0.0,15.917142,Temperature change,0.0040588235294117
Canada,CAN,1971,352.287404,55.876,220.327312,67.468896,4.068172,4.547024,0.0,16.094503,Standard Deviation,1.191
Canada,CAN,1971,352.287404,55.876,220.327312,67.468896,4.068172,4.547024,0.0,16.094503,Temperature change,-0.0161764705882352
Canada,CAN,1972,380.791685,62.155498,233.317611,76.485264,4.476858,4.356454,0.0,17.135627,Standard Deviation,1.191
Canada,CAN,1972,380.791685,62.155498,233.317611,76.485264,4.476858,4.356454,0.0,17.135627,Temperature change,-1.8515294117647056
Canada,CAN,1973,381.273198,52.014144,238.174656,81.868416,4.995054,4.220928,0.0,16.943947,Standard Deviation,1.191
Canada,CAN,1973,381.273198,52.014144,238.174656,81.868416,4.995054,4.220928,0.0,16.943947,Temperature change,0.5818235294117647
Canada,CAN,1974,389.616915,48.50724,248.922491,83.516431,5.135027,3.535727,0.0,17.079149,Standard Deviation,1.191
Canada,CAN,1974,389.616915,48.50724,248.922491,83.516431,5.135027,3.535727,0.0,17.079149,Temperature change,-0.7674117647058823
Canada,CAN,1975,396.786785,61.28463,241.98745,85.914265,4.933023,2.667417,0.0,17.150003,Standard Deviation,1.191
Canada,CAN,1975,396.786785,61.28463,241.98745,85.914265,4.933023,2.667417,0.0,17.150003,Temperature change,0.0161176470588235
Canada,CAN,1976,398.962262,59.10032,233.733888,98.928,4.767158,2.432896,0.0,17.019039,Standard Deviation,1.191
Canada,CAN,1976,398.962262,59.10032,233.733888,98.928,4.767158,2.432896,0.0,17.019039,Temperature change,0.0728235294117647
Canada,CAN,1977,407.790443,65.032336,233.700912,101.954464,4.776091,2.32664,0.0,17.195241,Standard Deviation,1.191
Canada,CAN,1977,407.790443,65.032336,233.700912,101.954464,4.776091,2.32664,0.0,17.195241,Temperature change,1.044470588235294
Canada,CAN,1978,415.528652,69.509131,233.823426,104.551318,5.112975,2.531802,0.0,17.340651,Standard Deviation,1.191
Canada,CAN,1978,415.528652,69.509131,233.823426,104.551318,5.112975,2.531802,0.0,17.340651,Temperature change,-0.4595294117647059
Canada,CAN,1979,441.676761,76.028,244.293536,112.572736,5.832969,2.94952,0.0,18.236694,Standard Deviation,1.191
Canada,CAN,1979,441.676761,76.028,244.293536,112.572736,5.832969,2.94952,0.0,18.236694,Temperature change,-0.1127647058823529
Canada,CAN,1980,442.846874,81.171584,241.294388,112.040529,5.207679,3.132694,0.0,18.066895,Standard Deviation,1.191
Canada,CAN,1980,442.846874,81.171584,241.294388,112.040529,5.207679,3.132694,0.0,18.066895,Temperature change,0.6228823529411764
Canada,CAN,1981,429.62972,83.689424,227.908128,110.026256,5.034408,2.971504,0.0,17.312759,Standard Deviation,1.191
Canada,CAN,1981,429.62972,83.689424,227.908128,110.026256,5.034408,2.971504,0.0,17.312759,Temperature change,1.888294117647059
Canada,CAN,1982,414.454925,88.444514,208.640972,110.325729,4.182152,2.861559,0.0,16.51115,Standard Deviation,1.191
Canada,CAN,1982,414.454925,88.444514,208.640972,110.325729,4.182152,2.861559,0.0,16.51115,Temperature change,-0.8328823529411765
Canada,CAN,1983,408.338502,93.5236,193.810944,114.031008,3.906182,3.066768,0.0,16.101215,Standard Deviation,1.191
Canada,CAN,1983,408.338502,93.5236,193.810944,114.031008,3.906182,3.066768,0.0,16.101215,Temperature change,0.3295882352941176
Canada,CAN,1984,425.23333,102.914432,192.50656,121.230768,4.27637,4.3052,0.0,16.609331,Standard Deviation,1.191
Canada,CAN,1984,425.23333,102.914432,192.50656,121.230768,4.27637,4.3052,0.0,16.609331,Temperature change,0.3361764705882353
Canada,CAN,1985,421.718695,99.763392,186.658816,125.224528,5.063271,5.008688,0.0,16.317906,Standard Deviation,1.191
Canada,CAN,1985,421.718695,99.763392,186.658816,125.224528,5.063271,5.008688,0.0,16.317906,Temperature change,-0.0556470588235294
Canada,CAN,1986,404.70795,92.486688,186.427984,115.7824,5.269662,4.741216,0.0,15.49651,Standard Deviation,1.191
Canada,CAN,1986,404.70795,92.486688,186.427984,115.7824,5.269662,4.741216,0.0,15.49651,Temperature change,0.0707058823529411
Canada,CAN,1987,430.982059,99.030592,201.864416,119.120304,6.258507,4.70824,0.0,16.302299,Standard Deviation,1.191
Canada,CAN,1987,430.982059,99.030592,201.864416,119.120304,6.258507,4.70824,0.0,16.302299,Temperature change,1.451470588235294
Canada,CAN,1988,455.669111,106.406224,210.88152,127.203088,5.986391,5.191888,0.0,16.993027,Standard Deviation,1.191
Canada,CAN,1988,455.669111,106.406224,210.88152,127.203088,5.986391,5.191888,0.0,16.993027,Temperature change,0.949764705882353
Canada,CAN,1989,462.88515,106.8972,206.642272,138.422256,6.262814,4.660608,0.0,16.990099,Standard Deviation,1.191
Canada,CAN,1989,462.88515,106.8972,206.642272,138.422256,6.262814,4.660608,0.0,16.990099,Temperature change,-0.0658823529411764
Canada,CAN,1990,458.503095,99.384419,212.489863,125.716223,5.823211,11.959545,3.129834,16.578071,Standard Deviation,1.191
Canada,CAN,1990,458.503095,99.384419,212.489863,125.716223,5.823211,11.959545,3.129834,16.578071,Temperature change,0.0142941176470588
Canada,CAN,1991,450.159602,104.320436,200.26082,125.376547,4.770787,12.155284,3.275728,16.068084,Standard Deviation,1.191
Canada,CAN,1991,450.159602,104.320436,200.26082,125.376547,4.770787,12.155284,3.275728,16.068084,Temperature change,0.4919411764705883
Canada,CAN,1992,464.012832,107.115141,203.257958,132.661833,4.804072,13.194801,2.979028,16.368658,Standard Deviation,1.191
Canada,CAN,1992,464.012832,107.115141,203.257958,132.661833,4.804072,13.194801,2.979028,16.368658,Temperature change,0.0504117647058823
Canada,CAN,1993,464.554171,99.073391,206.534081,137.762669,4.892831,13.345042,2.946157,16.204531,Standard Deviation,1.191
Canada,CAN,1993,464.554171,99.073391,206.534081,137.762669,4.892831,13.345042,2.946157,16.204531,Temperature change,0.4643529411764706
Canada,CAN,1994,479.033003,102.727173,211.670232,140.977967,5.769324,14.634045,3.254262,16.529101,Standard Deviation,1.191
Canada,CAN,1994,479.033003,102.727173,211.670232,140.977967,5.769324,14.634045,3.254262,16.529101,Temperature change,0.516
Canada,CAN,1995,491.825697,104.557205,214.347839,148.261218,6.529322,14.902379,3.227734,16.791922,Standard Deviation,1.191
Canada,CAN,1995,491.825697,104.557205,214.347839,148.261218,6.529322,14.902379,3.227734,16.791922,Temperature change,0.7495294117647058
Canada,CAN,1996,508.196664,106.522219,221.105535,155.033506,6.185381,16.11565,3.234372,17.172375,Standard Deviation,1.191
Canada,CAN,1996,508.196664,106.522219,221.105535,155.033506,6.185381,16.11565,3.234372,17.172375,Temperature change,-0.0176470588235294
Canada,CAN,1997,522.57729,113.400966,229.090909,153.691311,6.657483,16.271803,3.464819,17.487589,Standard Deviation,1.191
Canada,CAN,1997,522.57729,113.400966,229.090909,153.691311,6.657483,16.271803,3.464819,17.487589,Temperature change,0.622
Canada,CAN,1998,530.276273,119.625745,232.014143,150.443655,6.828347,17.992048,3.372335,17.590963,Standard Deviation,1.191
Canada,CAN,1998,530.276273,119.625745,232.014143,150.443655,6.828347,17.992048,3.372335,17.590963,Temperature change,2.374941176470589
Canada,CAN,1999,544.482079,119.944739,234.946472,162.930239,7.118443,16.268156,3.27403,17.910725,Standard Deviation,1.191
Canada,CAN,1999,544.482079,119.944739,234.946472,162.930239,7.118443,16.268156,3.27403,17.910725,Temperature change,1.746529411764706
Canada,CAN,2000,567.096101,129.620141,237.196947,173.423037,7.232124,16.248497,3.375355,18.482232,Standard Deviation,1.191
Canada,CAN,2000,567.096101,129.620141,237.196947,173.423037,7.232124,16.248497,3.375355,18.482232,Temperature change,1.0353529411764706
Canada,CAN,2001,559.14704,127.083197,241.047036,165.500283,6.982743,15.672514,2.861267,18.035394,Standard Deviation,1.191
Canada,CAN,2001,559.14704,127.083197,241.047036,165.500283,6.982743,15.672514,2.861267,18.035394,Temperature change,1.7103529411764706
Canada,CAN,2002,564.373836,124.437053,242.067364,171.754725,7.148304,16.025732,2.940659,18.018219,Standard Deviation,1.191
Canada,CAN,2002,564.373836,124.437053,242.067364,171.754725,7.148304,16.025732,2.940659,18.018219,Temperature change,0.5821176470588235
Canada,CAN,2003,581.427172,123.534029,257.959186,174.245252,7.248136,15.498767,2.941802,18.388276,Standard Deviation,1.191
Canada,CAN,2003,581.427172,123.534029,257.959186,174.245252,7.248136,15.498767,2.941802,18.388276,Temperature change,1.166764705882353
Canada,CAN,2004,579.689422,115.875147,266.941814,170.262456,7.519955,15.999818,3.090231,18.165438,Standard Deviation,1.191
Canada,CAN,2004,579.689422,115.875147,266.941814,170.262456,7.519955,15.999818,3.090231,18.165438,Temperature change,0.2121764705882352
Canada,CAN,2005,574.763646,116.966213,260.883867,170.635767,7.613986,15.669512,2.994301,17.840984,Standard Deviation,1.191
Canada,CAN,2005,574.763646,116.966213,260.883867,170.635767,7.613986,15.669512,2.994301,17.840984,Temperature change,1.5545882352941176
Canada,CAN,2006,568.584509,114.306984,259.107308,168.469174,7.728498,16.021482,2.951063,17.477771,Standard Deviation,1.191
Canada,CAN,2006,568.584509,114.306984,259.107308,168.469174,7.728498,16.021482,2.951063,17.477771,Temperature change,2.4248823529411765
Canada,CAN,2007,593.755254,119.147025,265.758658,182.186157,7.73102,16.082692,2.849703,18.067889,Standard Deviation,1.191
Canada,CAN,2007,593.755254,119.147025,265.758658,182.186157,7.73102,16.082692,2.849703,18.067889,Temperature change,1.0393529411764706
Canada,CAN,2008,576.808657,112.985128,256.949782,181.849633,6.988372,15.316703,2.719038,17.364058,Standard Deviation,1.191
Canada,CAN,2008,576.808657,112.985128,256.949782,181.849633,6.988372,15.316703,2.719038,17.364058,Temperature change,0.7316470588235294
Canada,CAN,2009,544.139661,93.593229,253.289046,175.258696,5.364043,14.377671,2.256975,16.197565,Standard Deviation,1.191
Canada,CAN,2009,544.139661,93.593229,253.289046,175.258696,5.364043,14.377671,2.256975,16.197565,Temperature change,0.7703529411764706
Canada,CAN,2010,556.062099,96.047161,257.786777,179.267311,6.005436,14.70518,2.250233,16.372386,Standard Deviation,1.191
Canada,CAN,2010,556.062099,96.047161,257.786777,179.267311,6.005436,14.70518,2.250233,16.372386,Temperature change,3.0315882352941177
Canada,CAN,2011,565.254013,86.995323,259.431774,195.479159,6.020141,14.901758,2.425858,16.468411,Standard Deviation,1.191
Canada,CAN,2011,565.254013,86.995323,259.431774,195.479159,6.020141,14.901758,2.425858,16.468411,Temperature change,1.4404705882352942
Canada,CAN,2012,565.781728,81.697189,260.895636,198.321497,6.532305,15.795715,2.539385,16.308766,Standard Deviation,1.191
Canada,CAN,2012,565.781728,81.697189,260.895636,198.321497,6.532305,15.795715,2.539385,16.308766,Temperature change,1.9786470588235292
Canada,CAN,2013,569.539743,79.213296,260.534503,204.679461,5.973037,16.676168,2.463278,16.243006,Standard Deviation,1.191
Canada,CAN,2013,569.539743,79.213296,260.534503,204.679461,5.973037,16.676168,2.463278,16.243006,Temperature change,0.9502352941176472
Canada,CAN,2014,566.353017,76.836117,252.967342,211.232036,5.911522,16.902003,2.503996,15.996591,Standard Deviation,1.191
Canada,CAN,2014,566.353017,76.836117,252.967342,211.232036,5.911522,16.902003,2.503996,15.996591,Temperature change,0.6045882352941176
Canada,CAN,2015,570.680331,78.423057,253.878942,213.776804,6.184772,16.097436,2.31932,15.971071,Standard Deviation,1.191
Canada,CAN,2015,570.680331,78.423057,253.878942,213.776804,6.184772,16.097436,2.31932,15.971071,Temperature change,1.2785882352941176
Canada,CAN,2016,557.689727,73.693195,251.961022,209.553812,6.114245,14.092917,2.274536,15.44268,Standard Deviation,1.191
Canada,CAN,2016,557.689727,73.693195,251.961022,209.553812,6.114245,14.092917,2.274536,15.44268,Temperature change,2.1975294117647057
Canada,CAN,2017,566.651892,72.858207,255.60433,214.306702,6.863102,14.813311,2.206239,15.501628,Standard Deviation,1.191
Canada,CAN,2017,566.651892,72.858207,255.60433,214.306702,6.863102,14.813311,2.206239,15.501628,Temperature change,1.5559411764705882
Canada,CAN,2018,577.066285,60.973724,261.441492,230.016653,6.989642,15.484001,2.160772,15.58154,Standard Deviation,1.191
Canada,CAN,2018,577.066285,60.973724,261.441492,230.016653,6.989642,15.484001,2.160772,15.58154,Temperature change,0.5695882352941176
Canada,CAN,2019,578.587718,58.625562,263.15354,231.565026,7.195404,15.905036,2.143151,15.419719,Standard Deviation,1.191
Canada,CAN,2019,578.587718,58.625562,263.15354,231.565026,7.195404,15.905036,2.143151,15.419719,Temperature change,1.2562941176470588
Canada,CAN,2020,522.845296,48.517102,227.669979,221.474007,6.712529,16.426339,2.045341,13.799503,Standard Deviation,1.191
Canada,CAN,2020,522.845296,48.517102,227.669979,221.474007,6.712529,16.426339,2.045341,13.799503,Temperature change,1.2614117647058822
Canada,CAN,2021,537.173737,45.893552,235.891009,228.710751,7.380351,17.163511,2.134563,14.07872,Standard Deviation,1.191
Canada,CAN,2021,537.173737,45.893552,235.891009,228.710751,7.380351,17.163511,2.134563,14.07872,Temperature change,2.269529411764706
Canada,CAN,2022,547.943877,35.796971,245.074114,240.394368,7.380351,17.163511,2.134563,14.249213,Standard Deviation,1.191
Canada,CAN,2022,547.943877,35.796971,245.074114,240.394368,7.380351,17.163511,2.134563,14.249213,Temperature change,1.3199411764705882
Central African Republic,CAF,1961,0.087936,0.0,0.087936,0.0,0.0,0.0,0.0,0.051414,Standard Deviation,0.371
Central African Republic,CAF,1961,0.087936,0.0,0.087936,0.0,0.0,0.0,0.0,0.051414,Temperature change,-0.1465882352941176
Central African Republic,CAF,1962,0.07328,0.0,0.07328,0.0,0.0,0.0,0.0,0.042054,Standard Deviation,0.371
Central African Republic,CAF,1962,0.07328,0.0,0.07328,0.0,0.0,0.0,0.0,0.042054,Temperature change,-0.2241176470588235
Central African Republic,CAF,1963,0.07328,0.0,0.07328,0.0,0.0,0.0,0.0,0.041256,Standard Deviation,0.371
Central African Republic,CAF,1963,0.07328,0.0,0.07328,0.0,0.0,0.0,0.0,0.041256,Temperature change,0.0187058823529411
Central African Republic,CAF,1964,0.07328,0.0,0.07328,0.0,0.0,0.0,0.0,0.040448,Standard Deviation,0.371
Central African Republic,CAF,1964,0.07328,0.0,0.07328,0.0,0.0,0.0,0.0,0.040448,Temperature change,-0.1425882352941176
Central African Republic,CAF,1965,0.087936,0.0,0.087936,0.0,0.0,0.0,0.0,0.047554,Standard Deviation,0.371
Central African Republic,CAF,1965,0.087936,0.0,0.087936,0.0,0.0,0.0,0.0,0.047554,Temperature change,-0.0561764705882353
Central African Republic,CAF,1966,0.084272,0.0,0.084272,0.0,0.0,0.0,0.0,0.044615,Standard Deviation,0.371
Central African Republic,CAF,1966,0.084272,0.0,0.084272,0.0,0.0,0.0,0.0,0.044615,Temperature change,0.0405294117647058
Central African Republic,CAF,1967,0.0916,0.0,0.0916,0.0,0.0,0.0,0.0,0.04744,Standard Deviation,0.371
Central African Republic,CAF,1967,0.0916,0.0,0.0916,0.0,0.0,0.0,0.0,0.04744,Temperature change,-0.186235294117647
Central African Republic,CAF,1968,0.1832,0.0,0.1832,0.0,0.0,0.0,0.0,0.092747,Standard Deviation,0.371
Central African Republic,CAF,1968,0.1832,0.0,0.1832,0.0,0.0,0.0,0.0,0.092747,Temperature change,-0.1637058823529411
Central African Republic,CAF,1969,0.186864,0.0,0.186864,0.0,0.0,0.0,0.0,0.092437,Standard Deviation,0.371
Central African Republic,CAF,1969,0.186864,0.0,0.186864,0.0,0.0,0.0,0.0,0.092437,Temperature change,0.1639411764705882
Central African Republic,CAF,1970,0.208848,0.0,0.208848,0.0,0.0,0.0,0.0,0.101022,Standard Deviation,0.371
Central African Republic,CAF,1970,0.208848,0.0,0.208848,0.0,0.0,0.0,0.0,0.101022,Temperature change,0.1827058823529411
Central African Republic,CAF,1971,0.1832,0.0,0.1832,0.0,0.0,0.0,0.0,0.086774,Standard Deviation,0.371
Central African Republic,CAF,1971,0.1832,0.0,0.1832,0.0,0.0,0.0,0.0,0.086774,Temperature change,-0.1065294117647058
Central African Republic,CAF,1972,0.168544,0.0,0.168544,0.0,0.0,0.0,0.0,0.078261,Standard Deviation,0.371
Central African Republic,CAF,1972,0.168544,0.0,0.168544,0.0,0.0,0.0,0.0,0.078261,Temperature change,0.1705882352941176
Central African Republic,CAF,1973,0.161216,0.0,0.161216,0.0,0.0,0.0,0.0,0.073417,Standard Deviation,0.371
Central African Republic,CAF,1973,0.161216,0.0,0.161216,0.0,0.0,0.0,0.0,0.073417,Temperature change,0.5173529411764706
Central African Republic,CAF,1974,0.113584,0.0,0.113584,0.0,0.0,0.0,0.0,0.050723,Standard Deviation,0.371
Central African Republic,CAF,1974,0.113584,0.0,0.113584,0.0,0.0,0.0,0.0,0.050723,Temperature change,-0.0988235294117647
Central African Republic,CAF,1975,0.102592,0.0,0.102592,0.0,0.0,0.0,0.0,0.044919,Standard Deviation,0.371
Central African Republic,CAF,1975,0.102592,0.0,0.102592,0.0,0.0,0.0,0.0,0.044919,Temperature change,-0.0555882352941176
Central African Republic,CAF,1976,0.12824,0.0,0.12824,0.0,0.0,0.0,0.0,0.055315,Standard Deviation,0.371
Central African Republic,CAF,1976,0.12824,0.0,0.12824,0.0,0.0,0.0,0.0,0.055315,Temperature change,-0.041235294117647
Central African Republic,CAF,1977,0.12824,0.0,0.12824,0.0,0.0,0.0,0.0,0.054755,Standard Deviation,0.371
Central African Republic,CAF,1977,0.12824,0.0,0.12824,0.0,0.0,0.0,0.0,0.054755,Temperature change,0.1635882352941176
Central African Republic,CAF,1978,0.14656,0.0,0.14656,0.0,0.0,0.0,0.0,0.061945,Standard Deviation,0.371
Central African Republic,CAF,1978,0.14656,0.0,0.14656,0.0,0.0,0.0,0.0,0.061945,Temperature change,0.0774117647058823
Central African Republic,CAF,1979,0.102592,0.0,0.102592,0.0,0.0,0.0,0.0,0.04292,Standard Deviation,0.371
Central African Republic,CAF,1979,0.102592,0.0,0.102592,0.0,0.0,0.0,0.0,0.04292,Temperature change,0.3340588235294118
Central African Republic,CAF,1980,0.106256,0.0,0.106256,0.0,0.0,0.0,0.0,0.043993,Standard Deviation,0.371
Central African Republic,CAF,1980,0.106256,0.0,0.106256,0.0,0.0,0.0,0.0,0.043993,Temperature change,0.441
Central African Republic,CAF,1981,0.135568,0.0,0.135568,0.0,0.0,0.0,0.0,0.055538,Standard Deviation,0.371
Central African Republic,CAF,1981,0.135568,0.0,0.135568,0.0,0.0,0.0,0.0,0.055538,Temperature change,0.0936470588235293
Central African Republic,CAF,1982,0.142896,0.0,0.142896,0.0,0.0,0.0,0.0,0.057908,Standard Deviation,0.371
Central African Republic,CAF,1982,0.142896,0.0,0.142896,0.0,0.0,0.0,0.0,0.057908,Temperature change,0.1436470588235294
Central African Republic,CAF,1983,0.14656,0.0,0.14656,0.0,0.0,0.0,0.0,0.058739,Standard Deviation,0.371
Central African Republic,CAF,1983,0.14656,0.0,0.14656,0.0,0.0,0.0,0.0,0.058739,Temperature change,0.4215882352941176
Central African Republic,CAF,1984,0.150224,0.0,0.150224,0.0,0.0,0.0,0.0,0.059529,Standard Deviation,0.371
Central African Republic,CAF,1984,0.150224,0.0,0.150224,0.0,0.0,0.0,0.0,0.059529,Temperature change,0.1418235294117647
Central African Republic,CAF,1985,0.161216,0.0,0.161216,0.0,0.0,0.0,0.0,0.063146,Standard Deviation,0.371
Central African Republic,CAF,1985,0.161216,0.0,0.161216,0.0,0.0,0.0,0.0,0.063146,Temperature change,0.1628235294117647
Central African Republic,CAF,1986,0.161216,0.0,0.161216,0.0,0.0,0.0,0.0,0.062399,Standard Deviation,0.371
Central African Republic,CAF,1986,0.161216,0.0,0.161216,0.0,0.0,0.0,0.0,0.062399,Temperature change,0.4341764705882353
Central African Republic,CAF,1987,0.260144,0.0,0.260144,0.0,0.0,0.0,0.0,0.099459,Standard Deviation,0.371
Central African Republic,CAF,1987,0.260144,0.0,0.260144,0.0,0.0,0.0,0.0,0.099459,Temperature change,0.563764705882353
Central African Republic,CAF,1988,0.230832,0.0,0.230832,0.0,0.0,0.0,0.0,0.086869,Standard Deviation,0.371
Central African Republic,CAF,1988,0.230832,0.0,0.230832,0.0,0.0,0.0,0.0,0.086869,Temperature change,0.2351176470588235
Central African Republic,CAF,1989,0.249152,0.0,0.249152,0.0,0.0,0.0,0.0,0.091462,Standard Deviation,0.371
Central African Republic,CAF,1989,0.249152,0.0,0.249152,0.0,0.0,0.0,0.0,0.091462,Temperature change,-0.2084705882352941
Central African Republic,CAF,1990,0.1832,0.0,0.1832,0.0,0.0,0.0,0.0,0.065214,Standard Deviation,0.371
Central African Republic,CAF,1990,0.1832,0.0,0.1832,0.0,0.0,0.0,0.0,0.065214,Temperature change,0.6366470588235295
Central African Republic,CAF,1991,0.190528,0.0,0.190528,0.0,0.0,0.0,0.0,0.065743,Standard Deviation,0.3745625
Central African Republic,CAF,1991,0.190528,0.0,0.190528,0.0,0.0,0.0,0.0,0.065743,Temperature change,0.3295625
Central African Republic,CAF,1992,0.194192,0.0,0.194192,0.0,0.0,0.0,0.0,0.06491,Standard Deviation,0.371
Central African Republic,CAF,1992,0.194192,0.0,0.194192,0.0,0.0,0.0,0.0,0.06491,Temperature change,-0.4141764705882353
Central African Republic,CAF,1993,0.197856,0.0,0.197856,0.0,0.0,0.0,0.0,0.064049,Standard Deviation,0.371
Central African Republic,CAF,1993,0.197856,0.0,0.197856,0.0,0.0,0.0,0.0,0.064049,Temperature change,0.3960588235294118
Central African Republic,CAF,1994,0.208848,0.0,0.208848,0.0,0.0,0.0,0.0,0.065514,Standard Deviation,0.371
Central African Republic,CAF,1994,0.208848,0.0,0.208848,0.0,0.0,0.0,0.0,0.065514,Temperature change,0.4555294117647058
Central African Republic,CAF,1995,0.208848,0.0,0.208848,0.0,0.0,0.0,0.0,0.063737,Standard Deviation,0.371
Central African Republic,CAF,1995,0.208848,0.0,0.208848,0.0,0.0,0.0,0.0,0.063737,Temperature change,0.2176470588235294
Central African Republic,CAF,1996,0.212512,0.0,0.212512,0.0,0.0,0.0,0.0,0.06318,Standard Deviation,0.371
Central African Republic,CAF,1996,0.212512,0.0,0.212512,0.0,0.0,0.0,0.0,0.06318,Temperature change,0.0575882352941176
Central African Republic,CAF,1997,0.216176,0.0,0.216176,0.0,0.0,0.0,0.0,0.062506,Standard Deviation,0.3884285714285714
Central African Republic,CAF,1997,0.216176,0.0,0.216176,0.0,0.0,0.0,0.0,0.062506,Temperature change,0.5633571428571429
Central African Republic,CAF,1998,0.21984,0.0,0.21984,0.0,0.0,0.0,0.0,0.061839,Standard Deviation,0.371
Central African Republic,CAF,1998,0.21984,0.0,0.21984,0.0,0.0,0.0,0.0,0.061839,Temperature change,1.1659411764705885
Central African Republic,CAF,1999,0.230832,0.0,0.230832,0.0,0.0,0.0,0.0,0.063149,Standard Deviation,0.371
Central African Republic,CAF,1999,0.230832,0.0,0.230832,0.0,0.0,0.0,0.0,0.063149,Temperature change,0.4888235294117647
Central African Republic,CAF,2000,0.234496,0.0,0.234496,0.0,0.0,0.0,0.0,0.06238,Standard Deviation,0.371
Central African Republic,CAF,2000,0.234496,0.0,0.234496,0.0,0.0,0.0,0.0,0.06238,Temperature change,0.6716470588235294
Central African Republic,CAF,2001,0.245488,0.0,0.245488,0.0,0.0,0.0,0.0,0.06385,Standard Deviation,0.371
Central African Republic,CAF,2001,0.245488,0.0,0.245488,0.0,0.0,0.0,0.0,0.06385,Temperature change,0.4468235294117647
Central African Republic,CAF,2002,0.241824,0.0,0.241824,0.0,0.0,0.0,0.0,0.061523,Standard Deviation,0.371
Central African Republic,CAF,2002,0.241824,0.0,0.241824,0.0,0.0,0.0,0.0,0.061523,Temperature change,0.6639411764705883
Central African Republic,CAF,2003,0.223504,0.0,0.223504,0.0,0.0,0.0,0.0,0.055504,Standard Deviation,0.371
Central African Republic,CAF,2003,0.223504,0.0,0.223504,0.0,0.0,0.0,0.0,0.055504,Temperature change,0.9132941176470588
Central African Republic,CAF,2004,0.21984,0.0,0.21984,0.0,0.0,0.0,0.0,0.053422,Standard Deviation,0.371
Central African Republic,CAF,2004,0.21984,0.0,0.21984,0.0,0.0,0.0,0.0,0.053422,Temperature change,0.947529411764706
Central African Republic,CAF,2005,0.216176,0.0,0.216176,0.0,0.0,0.0,0.0,0.051362,Standard Deviation,0.371
Central African Republic,CAF,2005,0.216176,0.0,0.216176,0.0,0.0,0.0,0.0,0.051362,Temperature change,1.049294117647059
Central African Republic,CAF,2006,0.227168,0.0,0.227168,0.0,0.0,0.0,0.0,0.052899,Standard Deviation,0.371
Central African Republic,CAF,2006,0.227168,0.0,0.227168,0.0,0.0,0.0,0.0,0.052899,Temperature change,0.8295294117647058
Central African Republic,CAF,2007,0.230832,0.0,0.230832,0.0,0.0,0.0,0.0,0.052755,Standard Deviation,0.371
Central African Republic,CAF,2007,0.230832,0.0,0.230832,0.0,0.0,0.0,0.0,0.052755,Temperature change,0.6198235294117647
Central African Republic,CAF,2008,0.16488,0.0,0.16488,0.0,0.0,0.0,0.0,0.036909,Standard Deviation,0.371
Central African Republic,CAF,2008,0.16488,0.0,0.16488,0.0,0.0,0.0,0.0,0.036909,Temperature change,0.7014705882352942
Central African Republic,CAF,2009,0.161216,0.0,0.161216,0.0,0.0,0.0,0.0,0.035319,Standard Deviation,0.371
Central African Republic,CAF,2009,0.161216,0.0,0.161216,0.0,0.0,0.0,0.0,0.035319,Temperature change,1.083235294117647
Central African Republic,CAF,2010,0.168544,0.0,0.168544,0.0,0.0,0.0,0.0,0.036168,Standard Deviation,0.371
Central African Republic,CAF,2010,0.168544,0.0,0.168544,0.0,0.0,0.0,0.0,0.036168,Temperature change,1.165058823529412
Central African Republic,CAF,2011,0.186864,0.0,0.186864,0.0,0.0,0.0,0.0,0.039489,Standard Deviation,0.371
Central African Republic,CAF,2011,0.186864,0.0,0.186864,0.0,0.0,0.0,0.0,0.039489,Temperature change,0.6311764705882353
Central African Republic,CAF,2012,0.190528,0.0,0.190528,0.0,0.0,0.0,0.0,0.039915,Standard Deviation,0.371
Central African Republic,CAF,2012,0.190528,0.0,0.190528,0.0,0.0,0.0,0.0,0.039915,Temperature change,0.6291176470588236
Central African Republic,CAF,2013,0.117248,0.0,0.117248,0.0,0.0,0.0,0.0,0.024414,Standard Deviation,0.371
Central African Republic,CAF,2013,0.117248,0.0,0.117248,0.0,0.0,0.0,0.0,0.024414,Temperature change,0.8594117647058823
Central African Republic,CAF,2014,0.124576,0.0,0.124576,0.0,0.0,0.0,0.0,0.02596,Standard Deviation,0.371
Central African Republic,CAF,2014,0.124576,0.0,0.124576,0.0,0.0,0.0,0.0,0.02596,Temperature change,0.6788823529411765
Central African Republic,CAF,2015,0.179536,0.0,0.179536,0.0,0.0,0.0,0.0,0.037253,Standard Deviation,0.371
Central African Republic,CAF,2015,0.179536,0.0,0.179536,0.0,0.0,0.0,0.0,0.037253,Temperature change,0.9262941176470588
Central African Republic,CAF,2016,0.197856,0.0,0.197856,0.0,0.0,0.0,0.0,0.040344,Standard Deviation,0.371
Central African Republic,CAF,2016,0.197856,0.0,0.197856,0.0,0.0,0.0,0.0,0.040344,Temperature change,1.3504117647058824
Central African Republic,CAF,2017,0.216176,0.0,0.216176,0.0,0.0,0.0,0.0,0.043263,Standard Deviation,0.371
Central African Republic,CAF,2017,0.216176,0.0,0.216176,0.0,0.0,0.0,0.0,0.043263,Temperature change,1.230058823529412
Central African Republic,CAF,2018,0.21984,0.0,0.21984,0.0,0.0,0.0,0.0,0.04315,Standard Deviation,0.371
Central African Republic,CAF,2018,0.21984,0.0,0.21984,0.0,0.0,0.0,0.0,0.04315,Temperature change,1.0965882352941176
Central African Republic,CAF,2019,0.227168,0.0,0.227168,0.0,0.0,0.0,0.0,0.043608,Standard Deviation,0.371
Central African Republic,CAF,2019,0.227168,0.0,0.227168,0.0,0.0,0.0,0.0,0.043608,Temperature change,1.2489411764705882
Central African Republic,CAF,2020,0.23816,0.0,0.23816,0.0,0.0,0.0,0.0,0.044574,Standard Deviation,0.371
Central African Republic,CAF,2020,0.23816,0.0,0.23816,0.0,0.0,0.0,0.0,0.044574,Temperature change,1.192235294117647
Central African Republic,CAF,2021,0.251025,0.0,0.251025,0.0,0.0,0.0,0.0,0.045999,Standard Deviation,0.371
Central African Republic,CAF,2021,0.251025,0.0,0.251025,0.0,0.0,0.0,0.0,0.045999,Temperature change,1.2783529411764705
Central African Republic,CAF,2022,0.227518,0.0,0.227518,0.0,0.0,0.0,0.0,0.04078,Standard Deviation,0.371
Central African Republic,CAF,2022,0.227518,0.0,0.227518,0.0,0.0,0.0,0.0,0.04078,Temperature change,0.9835882352941177
Chad,TCD,1961,0.051296,0.0,0.051296,0.0,0.0,0.0,0.0,0.016613,Standard Deviation,0.64
Chad,TCD,1961,0.051296,0.0,0.051296,0.0,0.0,0.0,0.0,0.016613,Temperature change,-0.6751764705882353
Chad,TCD,1962,0.084272,0.0,0.084272,0.0,0.0,0.0,0.0,0.026768,Standard Deviation,0.64
Chad,TCD,1962,0.084272,0.0,0.084272,0.0,0.0,0.0,0.0,0.026768,Temperature change,-0.1022941176470588
Chad,TCD,1963,0.0916,0.0,0.0916,0.0,0.0,0.0,0.0,0.028533,Standard Deviation,0.64
Chad,TCD,1963,0.0916,0.0,0.0916,0.0,0.0,0.0,0.0,0.028533,Temperature change,0.277
Chad,TCD,1964,0.098928,0.0,0.098928,0.0,0.0,0.0,0.0,0.030222,Standard Deviation,0.64
Chad,TCD,1964,0.098928,0.0,0.098928,0.0,0.0,0.0,0.0,0.030222,Temperature change,-0.190235294117647
Chad,TCD,1965,0.106256,0.0,0.106256,0.0,0.0,0.0,0.0,0.031848,Standard Deviation,0.64
Chad,TCD,1965,0.106256,0.0,0.106256,0.0,0.0,0.0,0.0,0.031848,Temperature change,-0.135235294117647
Chad,TCD,1966,0.084272,0.0,0.084272,0.0,0.0,0.0,0.0,0.024796,Standard Deviation,0.64
Chad,TCD,1966,0.084272,0.0,0.084272,0.0,0.0,0.0,0.0,0.024796,Temperature change,-0.0068235294117646
Chad,TCD,1967,0.117248,0.0,0.117248,0.0,0.0,0.0,0.0,0.03387,Standard Deviation,0.64
Chad,TCD,1967,0.117248,0.0,0.117248,0.0,0.0,0.0,0.0,0.03387,Temperature change,-0.2811764705882353
Chad,TCD,1968,0.124576,0.0,0.124576,0.0,0.0,0.0,0.0,0.035323,Standard Deviation,0.64
Chad,TCD,1968,0.124576,0.0,0.124576,0.0,0.0,0.0,0.0,0.035323,Temperature change,-0.185
Chad,TCD,1969,0.161216,0.0,0.161216,0.0,0.0,0.0,0.0,0.044843,Standard Deviation,0.64
Chad,TCD,1969,0.161216,0.0,0.161216,0.0,0.0,0.0,0.0,0.044843,Temperature change,0.5961764705882353
Chad,TCD,1970,0.124576,0.0,0.124576,0.0,0.0,0.0,0.0,0.033969,Standard Deviation,0.64
Chad,TCD,1970,0.124576,0.0,0.124576,0.0,0.0,0.0,0.0,0.033969,Temperature change,0.0233529411764705
Chad,TCD,1971,0.150224,0.0,0.150224,0.0,0.0,0.0,0.0,0.04014,Standard Deviation,0.64
Chad,TCD,1971,0.150224,0.0,0.150224,0.0,0.0,0.0,0.0,0.04014,Temperature change,-0.2507647058823529
Chad,TCD,1972,0.120912,0.0,0.120912,0.0,0.0,0.0,0.0,0.031616,Standard Deviation,0.64
Chad,TCD,1972,0.120912,0.0,0.120912,0.0,0.0,0.0,0.0,0.031616,Temperature change,0.3197647058823529
Chad,TCD,1973,0.161216,0.0,0.161216,0.0,0.0,0.0,0.0,0.041201,Standard Deviation,0.64
Chad,TCD,1973,0.161216,0.0,0.161216,0.0,0.0,0.0,0.0,0.041201,Temperature change,0.7152941176470589
Chad,TCD,1974,0.150224,0.0,0.150224,0.0,0.0,0.0,0.0,0.037551,Standard Deviation,0.64
Chad,TCD,1974,0.150224,0.0,0.150224,0.0,0.0,0.0,0.0,0.037551,Temperature change,-0.1698235294117647
Chad,TCD,1975,0.1832,0.0,0.1832,0.0,0.0,0.0,0.0,0.044857,Standard Deviation,0.64
Chad,TCD,1975,0.1832,0.0,0.1832,0.0,0.0,0.0,0.0,0.044857,Temperature change,-0.1285294117647059
Chad,TCD,1976,0.1832,0.0,0.1832,0.0,0.0,0.0,0.0,0.044006,Standard Deviation,0.64
Chad,TCD,1976,0.1832,0.0,0.1832,0.0,0.0,0.0,0.0,0.044006,Temperature change,0.3294705882352941
Chad,TCD,1977,0.197856,0.0,0.197856,0.0,0.0,0.0,0.0,0.04668,Standard Deviation,0.64
Chad,TCD,1977,0.197856,0.0,0.197856,0.0,0.0,0.0,0.0,0.04668,Temperature change,-0.1765882352941176
Chad,TCD,1978,0.194192,0.0,0.194192,0.0,0.0,0.0,0.0,0.04502,Standard Deviation,0.64
Chad,TCD,1978,0.194192,0.0,0.194192,0.0,0.0,0.0,0.0,0.04502,Temperature change,-0.037235294117647
Chad,TCD,1979,0.20152,0.0,0.20152,0.0,0.0,0.0,0.0,0.045769,Standard Deviation,0.64
Chad,TCD,1979,0.20152,0.0,0.20152,0.0,0.0,0.0,0.0,0.045769,Temperature change,0.4080588235294118
Chad,TCD,1980,0.208848,0.0,0.208848,0.0,0.0,0.0,0.0,0.047377,Standard Deviation,0.64
Chad,TCD,1980,0.208848,0.0,0.208848,0.0,0.0,0.0,0.0,0.047377,Temperature change,0.3382941176470588
Chad,TCD,1981,0.208848,0.0,0.208848,0.0,0.0,0.0,0.0,0.047366,Standard Deviation,0.64
Chad,TCD,1981,0.208848,0.0,0.208848,0.0,0.0,0.0,0.0,0.047366,Temperature change,0.1014117647058823
Chad,TCD,1982,0.205184,0.0,0.205184,0.0,0.0,0.0,0.0,0.044385,Standard Deviation,0.64
Chad,TCD,1982,0.205184,0.0,0.205184,0.0,0.0,0.0,0.0,0.044385,Temperature change,0.2588823529411764
Chad,TCD,1983,0.205184,0.0,0.205184,0.0,0.0,0.0,0.0,0.042226,Standard Deviation,0.64
Chad,TCD,1983,0.205184,0.0,0.205184,0.0,0.0,0.0,0.0,0.042226,Temperature change,-0.0001176470588235
Chad,TCD,1984,0.216176,0.0,0.216176,0.0,0.0,0.0,0.0,0.043933,Standard Deviation,0.64
Chad,TCD,1984,0.216176,0.0,0.216176,0.0,0.0,0.0,0.0,0.043933,Temperature change,0.4385294117647059
Chad,TCD,1985,0.179536,0.0,0.179536,0.0,0.0,0.0,0.0,0.036141,Standard Deviation,0.64
Chad,TCD,1985,0.179536,0.0,0.179536,0.0,0.0,0.0,0.0,0.036141,Temperature change,0.2272941176470588
Chad,TCD,1986,0.186864,0.0,0.186864,0.0,0.0,0.0,0.0,0.03651,Standard Deviation,0.64
Chad,TCD,1986,0.186864,0.0,0.186864,0.0,0.0,0.0,0.0,0.03651,Temperature change,0.5160588235294118
Chad,TCD,1987,0.197856,0.0,0.197856,0.0,0.0,0.0,0.0,0.037325,Standard Deviation,0.64
Chad,TCD,1987,0.197856,0.0,0.197856,0.0,0.0,0.0,0.0,0.037325,Temperature change,0.4631764705882353
Chad,TCD,1988,0.065952,0.0,0.065952,0.0,0.0,0.0,0.0,0.012028,Standard Deviation,0.64
Chad,TCD,1988,0.065952,0.0,0.065952,0.0,0.0,0.0,0.0,0.012028,Temperature change,0.1122941176470588
Chad,TCD,1989,0.102592,0.0,0.102592,0.0,0.0,0.0,0.0,0.018092,Standard Deviation,0.64
Chad,TCD,1989,0.102592,0.0,0.102592,0.0,0.0,0.0,0.0,0.018092,Temperature change,-0.2741764705882352
Chad,TCD,1990,0.377392,0.0,0.377392,0.0,0.0,0.0,0.0,0.064765,Standard Deviation,0.64
Chad,TCD,1990,0.377392,0.0,0.377392,0.0,0.0,0.0,0.0,0.064765,Temperature change,0.5215882352941177
Chad,TCD,1991,0.38472,0.0,0.38472,0.0,0.0,0.0,0.0,0.06367,Standard Deviation,0.64
Chad,TCD,1991,0.38472,0.0,0.38472,0.0,0.0,0.0,0.0,0.06367,Temperature change,0.4815882352941176
Chad,TCD,1992,0.406704,0.0,0.406704,0.0,0.0,0.0,0.0,0.064526,Standard Deviation,0.64
Chad,TCD,1992,0.406704,0.0,0.406704,0.0,0.0,0.0,0.0,0.064526,Temperature change,-0.2468235294117647
Chad,TCD,1993,0.40304,0.0,0.40304,0.0,0.0,0.0,0.0,0.062503,Standard Deviation,0.64
Chad,TCD,1993,0.40304,0.0,0.40304,0.0,0.0,0.0,0.0,0.062503,Temperature change,0.3696470588235294
Chad,TCD,1994,0.412105,0.0,0.406704,0.0,0.0,0.005401,0.0,0.062506,Standard Deviation,0.64
Chad,TCD,1994,0.412105,0.0,0.406704,0.0,0.0,0.005401,0.0,0.062506,Temperature change,0.2577058823529412
Chad,TCD,1995,0.427411,0.0,0.42136,0.0,0.0,0.006051,0.0,0.062044,Standard Deviation,0.64
Chad,TCD,1995,0.427411,0.0,0.42136,0.0,0.0,0.006051,0.0,0.062044,Temperature change,0.2695294117647058
Chad,TCD,1996,0.443217,0.0,0.436016,0.0,0.0,0.007201,0.0,0.061555,Standard Deviation,0.64
Chad,TCD,1996,0.443217,0.0,0.436016,0.0,0.0,0.007201,0.0,0.061555,Temperature change,0.5624705882352941
Chad,TCD,1997,0.453097,0.0,0.450672,0.0,0.0,0.002425,0.0,0.060811,Standard Deviation,0.64
Chad,TCD,1997,0.453097,0.0,0.450672,0.0,0.0,0.002425,0.0,0.060811,Temperature change,0.5145294117647059
Chad,TCD,1998,0.463839,0.0,0.461664,0.0,0.0,0.002175,0.0,0.060168,Standard Deviation,0.64
Chad,TCD,1998,0.463839,0.0,0.461664,0.0,0.0,0.002175,0.0,0.060168,Temperature change,0.902470588235294
Chad,TCD,1999,0.477245,0.0,0.47632,0.0,0.0,0.000925,0.0,0.059791,Standard Deviation,0.64
Chad,TCD,1999,0.477245,0.0,0.47632,0.0,0.0,0.000925,0.0,0.059791,Temperature change,0.4732941176470588
Chad,TCD,2000,0.487512,0.0,0.487312,0.0,0.0,0.0002,0.0,0.059027,Standard Deviation,0.64
Chad,TCD,2000,0.487512,0.0,0.487312,0.0,0.0,0.0002,0.0,0.059027,Temperature change,0.2337058823529411
Chad,TCD,2001,0.505594,0.0,0.501968,0.0,0.0,0.003626,0.0,0.059211,Standard Deviation,0.64
Chad,TCD,2001,0.505594,0.0,0.501968,0.0,0.0,0.003626,0.0,0.059211,Temperature change,0.3947647058823529
Chad,TCD,2002,0.527549,0.0,0.509296,0.0,0.0,0.018253,0.0,0.059688,Standard Deviation,0.64
Chad,TCD,2002,0.527549,0.0,0.509296,0.0,0.0,0.018253,0.0,0.059688,Temperature change,0.7388235294117648
Chad,TCD,2003,0.882414,0.0,0.743792,0.0,0.0,0.138622,0.0,0.095952,Standard Deviation,0.64
Chad,TCD,2003,0.882414,0.0,0.743792,0.0,0.0,0.138622,0.0,0.095952,Temperature change,0.8594117647058823
Chad,TCD,2004,0.902531,0.0,0.747456,0.0,0.0,0.155075,0.0,0.093882,Standard Deviation,0.64
Chad,TCD,2004,0.902531,0.0,0.747456,0.0,0.0,0.155075,0.0,0.093882,Temperature change,0.8692352941176471
Chad,TCD,2005,0.925702,0.0,0.765776,0.0,0.0,0.159926,0.0,0.092524,Standard Deviation,0.64
Chad,TCD,2005,0.925702,0.0,0.765776,0.0,0.0,0.159926,0.0,0.092524,Temperature change,1.223235294117647
Chad,TCD,2006,0.960951,0.0,0.791424,0.0,0.0,0.169527,0.0,0.092706,Standard Deviation,0.64
Chad,TCD,2006,0.960951,0.0,0.791424,0.0,0.0,0.169527,0.0,0.092706,Temperature change,1.1796470588235293
Chad,TCD,2007,1.088955,0.0,0.875696,0.0,0.0,0.213259,0.0,0.101556,Standard Deviation,0.64
Chad,TCD,2007,1.088955,0.0,0.875696,0.0,0.0,0.213259,0.0,0.101556,Temperature change,0.7167058823529412
Chad,TCD,2008,0.872463,0.0,0.743792,0.0,0.0,0.128671,0.0,0.07861,Standard Deviation,0.64
Chad,TCD,2008,0.872463,0.0,0.743792,0.0,0.0,0.128671,0.0,0.07861,Temperature change,0.4929411764705882
Chad,TCD,2009,1.216046,0.0,1.106528,0.0,0.0,0.109518,0.0,0.105779,Standard Deviation,0.64
Chad,TCD,2009,1.216046,0.0,1.106528,0.0,0.0,0.109518,0.0,0.105779,Temperature change,1.1966470588235294
Chad,TCD,2010,1.236006,0.0,1.13584,0.0,0.0,0.100166,0.0,0.103912,Standard Deviation,0.64
Chad,TCD,2010,1.236006,0.0,1.13584,0.0,0.0,0.100166,0.0,0.103912,Temperature change,1.154294117647059
Chad,TCD,2011,1.272949,0.0,1.124848,0.0,0.000765,0.147336,0.0,0.103343,Standard Deviation,0.64
Chad,TCD,2011,1.272949,0.0,1.124848,0.0,0.000765,0.147336,0.0,0.103343,Temperature change,0.9185882352941176
Chad,TCD,2012,1.742947,0.0,1.494912,0.0,0.053529,0.194506,0.0,0.136649,Standard Deviation,0.64
Chad,TCD,2012,1.742947,0.0,1.494912,0.0,0.053529,0.194506,0.0,0.136649,Temperature change,0.6075294117647059
Chad,TCD,2013,2.078497,0.0,1.755056,0.0,0.070064,0.253378,0.0,0.157262,Standard Deviation,0.64
Chad,TCD,2013,2.078497,0.0,1.755056,0.0,0.070064,0.253378,0.0,0.157262,Temperature change,1.0428823529411764
Chad,TCD,2014,2.18278,0.0,1.799024,0.0,0.077499,0.306257,0.0,0.15936,Standard Deviation,0.64
Chad,TCD,2014,2.18278,0.0,1.799024,0.0,0.077499,0.306257,0.0,0.15936,Temperature change,0.8935882352941177
Chad,TCD,2015,2.351698,0.0,1.817344,0.0,0.085248,0.449106,0.0,0.166312,Standard Deviation,0.64
Chad,TCD,2015,2.351698,0.0,1.817344,0.0,0.085248,0.449106,0.0,0.166312,Temperature change,1.098529411764706
Chad,TCD,2016,2.374447,0.0,1.777233,0.0,0.096873,0.500341,0.0,0.162716,Standard Deviation,0.64
Chad,TCD,2016,2.374447,0.0,1.777233,0.0,0.096873,0.500341,0.0,0.162716,Temperature change,1.146294117647059
Chad,TCD,2017,2.344165,0.0,1.769451,0.0,0.135623,0.439091,0.0,0.155388,Standard Deviation,0.64
Chad,TCD,2017,2.344165,0.0,1.769451,0.0,0.135623,0.439091,0.0,0.155388,Temperature change,1.0499411764705882
Chad,TCD,2018,2.38351,0.0,1.842992,0.0,0.143372,0.397146,0.0,0.152748,Standard Deviation,0.64
Chad,TCD,2018,2.38351,0.0,1.842992,0.0,0.143372,0.397146,0.0,0.152748,Temperature change,1.4571176470588236
Chad,TCD,2019,2.303133,0.0,1.824672,0.0,0.158872,0.319589,0.0,0.142813,Standard Deviation,0.64
Chad,TCD,2019,2.303133,0.0,1.824672,0.0,0.158872,0.319589,0.0,0.142813,Temperature change,1.2975882352941177
Chad,TCD,2020,2.279219,0.0,1.846656,0.0,0.151122,0.281441,0.0,0.136934,Standard Deviation,0.64
Chad,TCD,2020,2.279219,0.0,1.846656,0.0,0.151122,0.281441,0.0,0.136934,Temperature change,1.2274117647058824
Chad,TCD,2021,2.480435,0.0,1.946406,0.0,0.197621,0.336408,0.0,0.144381,Standard Deviation,0.64
Chad,TCD,2021,2.480435,0.0,1.946406,0.0,0.197621,0.336408,0.0,0.144381,Temperature change,1.1404117647058825
Chad,TCD,2022,2.379225,0.0,1.764143,0.0,0.197621,0.417461,0.0,0.134243,Standard Deviation,0.64
Chad,TCD,2022,2.379225,0.0,1.764143,0.0,0.197621,0.417461,0.0,0.134243,Temperature change,0.7591176470588236
